name,team,minutes_any,minutes_60,goals,assists,id_2026
Brenden Aaronson,Leeds United,46,43,9,2,350
Thelo Aasgaard,Luton Town,17,17,2,1,NA
James Abankwah,Watford,19,17,0,0,NA
Salis Abdul Samed,Sunderland,10,3,0,0,NA
Azeem Abdulai,Swansea City,17,2,1,0,NA
Ebou Adams,Derby County,44,42,6,1,NA
Elijah Adebayo,Luton Town,39,31,5,0,NA
Michael Adu-Poku,Watford,1,0,0,0,NA
Enock Agyei,Burnley,3,0,0,0,203
Anel Ahmedhodžić,Sheffield Utd,38,35,3,1,NA
Semi Ajayi,West Brom,15,14,0,0,NA
Milan Aleksić,Sunderland,8,3,0,0,546
Ajibola Alese,Sunderland,12,8,0,0,NA
Jamie Allen,Coventry City,21,12,0,0,NA
Joe Allen,Swansea City,25,8,1,1,NA
Millenic Alli,Luton Town,16,6,4,0,NA
Jak Alnwick,Cardiff City,29,29,0,0,NA
Will Alves,Cardiff City,14,8,1,3,NA
Steven Alzate,Hull City,28,21,0,1,NA
Zeki Amdouni,Burnley,2,0,1,0,216
Ethan Ampadu,Leeds United,29,26,0,0,354
Nordin Amrabat,Hull City,10,2,0,1,NA
Lucas Andersen,QPR,33,13,2,0,NA
Joe Anderson,Sunderland,2,1,0,0,534
Ryan Andrews,Watford,38,21,3,2,NA
Jaidon Anthony,Burnley,43,42,8,7,200
Adil Aouchiche,Portsmouth,12,9,1,1,NA
Adil Aouchiche,Sunderland,8,3,0,1,NA
Oliver Arblaster,Sheffield Utd,12,11,2,1,NA
Jordan Archer,Portsmouth,2,1,0,0,NA
Adam Armstrong,West Brom,16,12,3,0,NA
Harrison Armstrong,Derby County,15,12,1,0,305
Sinclair Armstrong,Bristol City,36,17,3,0,NA
Stuart Armstrong,Sheffield Weds,11,6,0,1,NA
Harrison Ashby,QPR,29,17,0,1,482
Cian Ashford,Cardiff City,28,17,2,3,NA
Robert Atkinson,Portsmouth,14,13,2,1,NA
Luke Ayling,Middlesbrough,26,23,0,2,NA
Finn Azaz,Middlesbrough,45,43,12,11,NA
Femi Azeez,Millwall,34,21,2,5,NA
Kwadwo Baah,Watford,27,16,4,3,NA
Daniel Bachmann,Watford,22,22,0,0,NA
Joel Bagan,Cardiff City,31,17,0,1,NA
Michael Baidoo,Plymouth Argyle,11,4,0,0,NA
Lewis Baker,Stoke City,19,16,6,2,NA
Lewis Baker,Blackburn,13,7,1,0,NA
Daniel Ballard,Sunderland,20,12,2,1,531
Patrick Bamford,Leeds United,17,0,0,0,363
Raees Bangura-Williams,Millwall,10,7,0,3,NA
Tamer Bani Odeh,West Brom,4,0,0,1,NA
Barry Bannan,Sheffield Weds,41,40,4,5,NA
Jamal Baptiste,Sheffield Utd,1,0,0,0,NA
Shandon Baptiste,Luton Town,16,7,1,0,NA
Tom Barkhuizen,Derby County,19,2,0,0,NA
Daniel Barlaser,Middlesbrough,23,12,1,1,NA
Ashley Barnes,Norwich City,8,1,0,0,218
Ashley Barnes,Burnley,13,1,1,1,218
Louie Barry,Hull City,4,2,0,0,NA
Kyle Bartley,West Brom,31,30,0,0,NA
Norman Bassette,Coventry City,25,11,2,0,NA
Danny Batth,Blackburn,37,34,2,0,NA
Patrick Bauer,Preston,1,0,0,0,NA
Vakoun Bayo,Watford,41,25,10,0,NA
James Beadle,Sheffield Weds,38,38,0,0,NA
Owen Beck,Blackburn,24,21,1,0,NA
Chris Bedia,Hull City,21,9,3,0,NA
Amari'i Bell,Luton Town,31,31,0,0,NA
Sam Bell,Bristol City,20,0,0,0,NA
Jobe Bellingham,Sunderland,40,39,4,3,NA
Bachir Belloumi,Hull City,10,10,2,2,NA
Anis Ben Slimane,Norwich City,33,25,2,2,NA
Anis Ben Slimane,Sheffield Utd,3,0,0,0,NA
Joe Bennett,Oxford United,12,8,0,0,NA
Daniel Bennie,QPR,12,1,0,0,NA
Jóhann Berg Guðmundsson,Burnley,1,0,1,0,NA
Di'Shon Bernard,Sheffield Weds,27,26,2,0,NA
Kian Best,Preston,1,0,0,0,NA
Florian Bianchini,Swansea City,36,8,3,0,NA
Jake Bidwell,Coventry City,29,23,1,1,NA
Luis Binks,Coventry City,22,21,0,1,NA
Max Bird,Bristol City,46,43,1,8,NA
Colby Bishop,Portsmouth,32,31,11,3,NA
Billy Blacker,Sheffield Utd,1,0,0,0,NA
Corey Blackett-Taylor,Derby County,12,4,1,0,NA
Harvey Blair,Portsmouth,12,3,1,0,NA
Malachi Boateng,Plymouth Argyle,7,1,0,0,NA
Eric Bocat,Stoke City,30,23,0,1,NA
Jayden Bogle,Leeds United,44,44,6,4,342
Jonathan Bond,Watford,9,8,0,0,NA
Neto Borges,Middlesbrough,35,34,1,3,NA
Raphael Borges Rodrigues,Coventry City,3,0,0,0,NA
Josh Bowler,Preston,10,6,0,0,NA
Josh Bowler,Luton Town,8,0,0,0,NA
Sonny Bradley,Derby County,7,3,0,0,NA
Tom Bradshaw,Oxford United,11,4,0,0,NA
Tom Bradshaw,Millwall,11,4,1,0,NA
Robbie Brady,Preston,29,17,0,4,NA
Cohen Bramall,Portsmouth,12,4,0,0,NA
Cameron Brannagan,Oxford United,33,33,3,4,NA
Ben Brereton,Sheffield Utd,17,13,4,3,NA
Rhian Brewster,Sheffield Utd,36,16,4,3,NA
Callum Brittain,Blackburn,33,30,2,5,NA
Andre Brooks,Sheffield Utd,22,10,3,2,NA
Ciaron Brown,Oxford United,41,41,4,3,NA
Dajaune Brown,Derby County,15,3,1,0,NA
Jacob Brown,Luton Town,29,11,4,1,NA
Alan Browne,Sunderland,22,13,1,0,555
Josh Brownhill,Burnley,42,39,18,6,NA
Joe Bryan,Millwall,39,37,1,1,NA
Solomon Brynn,Middlesbrough,6,6,0,0,NA
John Buckley,Blackburn,23,8,0,0,NA
Mustapha Bundu,Plymouth Argyle,37,27,10,6,NA
Wouter Burger,Stoke City,39,37,1,1,NA
Delano Burgzorg,Middlesbrough,42,23,5,2,NA
Reece Burke,Luton Town,17,10,0,0,NA
Finley Burns,Hull City,9,4,0,0,NA
Harrison Burrows,Sheffield Utd,43,39,5,3,NA
Mason Burstow,Hull City,31,8,2,1,NA
Sam Byram,Leeds United,36,16,1,1,346
Ben Cabango,Swansea City,45,45,2,1,NA
Tyrese Campbell,Sheffield Utd,33,20,10,1,NA
Thomas Cannon,Stoke City,22,22,9,1,NA
Thomas Cannon,Sheffield Utd,15,7,1,1,NA
Todd Cantwell,Blackburn,37,27,3,7,NA
Theo Carroll,Preston,1,0,0,0,NA
Hayden Carter,Blackburn,16,16,0,1,NA
Eiran Cashin,Derby County,21,21,1,0,154
Žan Celar,QPR,19,10,2,0,NA
Ilias Chair,QPR,28,20,2,6,NA
Giorgi Chakvetadze,Watford,39,37,2,6,NA
Nathaniel Chalobah,Sheffield Weds,16,4,0,0,NA
Calum Chambers,Cardiff City,41,41,2,1,NA
Samuel Chambers,Leeds United,1,0,0,0,NA
Pierce Charles,Sheffield Weds,8,8,0,0,NA
Shea Charles,Sheffield Weds,43,42,1,5,NA
Tawanda Chirewa,Derby County,5,1,0,0,650
Tahith Chong,Luton Town,30,24,2,1,NA
Hamza Choudhury,Sheffield Utd,16,13,0,0,NA
Benjamin Chrisene,Norwich City,26,12,1,0,NA
Cyrus Christie,Swansea City,11,2,0,0,NA
Dennis Cirkin,Sunderland,36,30,3,2,535
Ibrahim Cissoko,Plymouth Argyle,13,9,3,1,NA
Ibrahim Cissoko,Sheffield Weds,5,0,0,0,NA
Jordan Clark,Luton Town,40,37,6,6,NA
Harry Clarke,Sheffield Utd,6,6,0,0,NA
Jack Clarke,Sunderland,2,2,1,1,NA
Matthew Clarke,Derby County,16,15,1,0,NA
Matthew Clarke,Middlesbrough,14,12,2,0,NA
Jake Clarke-Salter,QPR,11,8,0,0,NA
Josh Coburn,Middlesbrough,2,0,0,0,NA
Josh Coburn,Millwall,20,14,5,0,NA
Jack Colback,QPR,24,16,1,1,NA
Devante Cole,West Brom,14,0,0,0,NA
Bradley Collins,Coventry City,15,14,0,0,NA
James Collins,Derby County,17,1,0,0,NA
Jamilu Collins,Cardiff City,3,2,0,0,NA
Rubin Colwill,Cardiff City,43,24,1,4,NA
Aaron Connolly,Sunderland,10,2,1,0,NA
Aaron Connolly,Millwall,14,6,1,0,NA
Tommy Conway,Middlesbrough,36,27,13,1,NA
Steve Cook,QPR,31,31,2,0,NA
Jake Cooper,Millwall,36,36,3,1,NA
Michael Cooper,Sheffield Utd,43,43,0,0,NA
Oliver Cooper,Swansea City,28,10,1,1,NA
José Cordoba,Norwich City,34,24,1,0,NA
David Cornell,Preston,10,9,0,0,NA
Harry Cornick,Bristol City,3,0,1,0,NA
Lewie Coyle,Hull City,44,42,1,2,NA
Amario Cozier-Duberry,Blackburn,22,6,1,0,NA
Tristan Crama,Millwall,20,18,0,2,NA
Charlie Crew,Leeds United,1,0,0,0,359
Ante Crnac,Norwich City,38,29,7,4,NA
Matt Crooks,Hull City,18,9,3,0,NA
Josh Cullen,Burnley,44,43,2,3,205
Liam Cullen,Swansea City,42,35,11,3,NA
Jamie Cumming,Oxford United,45,45,0,0,NA
Luke Cundle,Millwall,16,13,1,0,NA
Jesper Daland,Cardiff City,20,16,0,0,NA
Owen Dale,Oxford United,11,4,0,0,NA
Harry Darling,Swansea City,39,38,5,3,NA
Karl Darlow,Leeds United,7,7,0,0,341
Jay Dasilva,Coventry City,31,20,0,1,NA
Adam Davies,Sheffield Utd,3,3,0,0,NA
Isaak Davies,Cardiff City,9,3,2,0,NA
Tom Davies,Sheffield Utd,13,6,1,1,NA
James Debayo,Leeds United,1,0,0,0,NA
Hannes Delcroix,Swansea City,12,10,0,0,188
Tom Dele-Bashiru,Watford,27,25,4,0,NA
Karamoko Dembélé,QPR,23,15,3,4,NA
Siriki Dembélé,Oxford United,25,15,2,1,NA
Rav van den Berg,Middlesbrough,27,23,0,0,NA
Emmanuel Dennis,Blackburn,6,1,0,1,NA
Terry Devlin,Portsmouth,34,13,0,1,NA
Ousmane Diakité,West Brom,22,9,0,0,NA
Grady Diangana,West Brom,34,14,4,3,NA
Robert Dickie,Bristol City,36,35,2,1,NA
Seny Dieng,Middlesbrough,17,17,0,0,NA
Anfernee Dijksteel,Middlesbrough,33,27,2,1,NA
Daryl Dike,West Brom,11,1,1,1,NA
Jaden Dixon,Stoke City,2,0,0,0,NA
Elijah Dixon-Bonner,QPR,3,0,0,0,NA
Lewis Dobbin,Norwich City,10,8,2,0,57
Lewis Dobbin,West Brom,17,1,0,0,57
Tyrhys Dolan,Blackburn,44,40,7,6,NA
Alfie Doughty,Luton Town,26,25,1,4,NA
Mamadou Doumbia,Watford,19,12,2,0,NA
Oliver Dovin,Coventry City,28,28,0,0,NA
Callum Doyle,Norwich City,40,38,1,7,NA
Andre Dozzell,Portsmouth,39,32,2,1,NA
Cody Drameh,Hull City,28,17,1,1,NA
Shane Duffy,Norwich City,45,45,4,0,NA
Jimmy Dunne,QPR,45,45,5,2,NA
Leonard Duru,Blackburn,1,0,0,0,NA
Pierre Dwomoh,Watford,9,6,0,0,NA
Lyndon Dykes,QPR,1,0,1,0,NA
George Earthy,Bristol City,37,11,3,1,620
Malcolm Ebiowei,Oxford United,4,0,0,0,277
Festy Ebosele,Watford,18,7,1,1,NA
Josh Eccles,Coventry City,39,25,3,3,NA
George Edmundson,Middlesbrough,24,24,1,0,NA
Joe Edwards,Plymouth Argyle,17,12,1,1,NA
Kyle Edwards,Oxford United,7,1,0,1,NA
Marcus Edwards,Burnley,14,12,1,1,206
Ronnie Edwards,QPR,21,20,2,0,NA
John Egan,Burnley,7,1,0,0,NA
John Egan,Hull City,11,8,0,0,NA
CJ Egan-Riley,Burnley,41,40,1,1,NA
Callum Elder,Derby County,29,24,0,3,NA
Aidomo Emakhu,Millwall,25,6,0,2,NA
Lukas Engel,Middlesbrough,9,4,0,0,NA
Niall Ennis,Stoke City,9,1,0,0,NA
Romain Esse,Millwall,24,24,4,1,269
Maxime Estève,Burnley,46,46,1,0,191
Oscar Estupiñan,Hull City,2,2,1,0,NA
Ched Evans,Preston,8,0,0,2,NA
George Evans,Millwall,4,4,0,0,NA
Milan van Ewijk,Coventry City,45,45,2,2,NA
Malachi Fagan-Walcott,Cardiff City,1,0,0,0,NA
Akin Famewo,Sheffield Weds,13,11,0,1,NA
Lamine Fanne,Luton Town,12,6,0,0,NA
Jacob Farrell,Portsmouth,1,1,0,0,NA
Christian Fassnacht,Norwich City,3,1,0,0,NA
Tom Fellows,West Brom,45,35,4,14,NA
Marselino Ferdinan,Oxford United,1,0,0,0,NA
Sam Field,QPR,35,35,3,0,NA
Tegan Finn,Plymouth Argyle,4,1,0,0,NA
Junior Firpo,Leeds United,32,30,4,10,NA
Will Fish,Cardiff City,21,14,0,0,NA
Kellen Fisher,Norwich City,38,34,0,4,NA
Zian Flemming,Burnley,35,28,12,4,215
Tyrese Fornah,Derby County,1,0,0,0,NA
Adam Forshaw,Plymouth Argyle,16,7,0,0,NA
Adam Forshaw,Blackburn,16,5,1,0,NA
Amankwah Forson,Norwich City,21,8,2,2,NA
Marcus Forss,Middlesbrough,24,6,1,0,NA
Craig Forsyth,Derby County,39,26,3,4,NA
Gabriel Forsyth,Norwich City,5,2,0,0,NA
Lyle Foster,Burnley,28,17,2,5,217
Morgan Fox,QPR,26,12,1,0,NA
Gianluca Frabotta,West Brom,6,0,0,0,NA
Gonçalo Franco,Swansea City,40,39,2,2,NA
Michael Frey,QPR,29,21,8,1,NA
Dael Fry,Middlesbrough,21,15,0,0,NA
Mads Frøkjær-Jensen,Preston,38,27,2,5,NA
Leo Fuhr Hjelde,Sunderland,15,5,0,1,536
Jay Fulton,Swansea City,31,13,1,0,NA
Darnell Furlong,West Brom,42,42,1,3,NA
Sam Gallagher,Stoke City,22,9,3,1,NA
Brendan Galloway,Plymouth Argyle,13,11,0,0,NA
Ben Gannon-Doak,Middlesbrough,24,21,3,7,391
Djeidi Gassama,Sheffield Weds,43,36,7,1,NA
Joe Gelhardt,Leeds United,2,0,0,0,360
Joe Gelhardt,Hull City,20,19,5,0,360
Anwar El Ghazi,Cardiff City,25,14,3,1,NA
Liam Gibbs,Norwich City,9,1,0,0,NA
Ben Gibson,Stoke City,24,22,3,0,NA
Lewis Gibson,Preston,19,19,1,0,NA
Lewis Gibson,Plymouth Argyle,18,18,1,1,NA
Alexander Gilbert,Middlesbrough,7,0,1,0,NA
Alfie Gilchrist,Sheffield Utd,30,27,0,2,NA
Ryan Giles,Middlesbrough,12,3,0,0,NA
Ryan Giles,Hull City,16,11,0,0,NA
Josh Ginnelly,Swansea City,3,0,0,0,NA
Tom Glover,Middlesbrough,7,6,0,0,NA
Wilfried Gnonto,Leeds United,43,26,9,6,351
Lynden Gooch,Stoke City,20,12,0,1,NA
Tyler Goodhram,Oxford United,41,33,3,6,NA
Will Goodwin,Oxford United,3,0,0,0,NA
Kaide Gordon,Norwich City,10,1,1,0,NA
Kaide Gordon,Portsmouth,5,0,0,0,NA
Kenzo Goudmijn,Derby County,41,29,2,2,NA
Dimitris Goutas,Cardiff City,34,33,1,1,NA
Karlan Grant,West Brom,43,34,7,2,NA
Andre Gray,Plymouth Argyle,13,5,3,1,NA
Harry Gray,Leeds United,1,0,0,0,741
Sam Greenwood,Preston,38,29,5,3,355
Joshua Griffiths,West Brom,6,6,0,0,NA
Matt Grimes,Coventry City,16,15,2,1,NA
Matt Grimes,Swansea City,29,29,2,1,NA
Daniel Grimshaw,Plymouth Argyle,21,21,0,0,NA
Ilia Gruev,Leeds United,23,20,0,2,356
Makhtar Gueye,Blackburn,44,23,6,6,NA
Josuha Guilavogui,Leeds United,16,0,0,0,NA
Angus Gunn,Norwich City,35,35,0,0,675
Darko Gyabi,Plymouth Argyle,43,34,1,2,361
Hayden Hackney,Middlesbrough,43,43,5,3,NA
Rami Al Hajj,Plymouth Argyle,28,18,3,0,NA
Ali Al Hamadi,Stoke City,15,11,2,0,NA
Gustavo Hamer,Sheffield Utd,41,36,9,7,NA
Micah Hamilton,Middlesbrough,13,2,0,0,NA
Grant Hanley,Norwich City,3,1,0,0,NA
Ryan Hardie,Plymouth Argyle,37,28,10,3,NA
Wes Harding,Millwall,5,2,0,0,NA
Marcus Harness,Derby County,41,26,4,3,NA
Mark Harris,Oxford United,46,34,6,3,NA
Daiki Hashioka,Luton Town,17,12,0,0,NA
Joseph Hatch,Plymouth Argyle,1,0,0,0,NA
Ryo Hatsuse,Sheffield Weds,6,5,0,0,NA
Isaac Hayden,Portsmouth,17,12,0,0,495
Conor Hazard,Plymouth Argyle,25,25,0,0,NA
Ryan Hedges,Blackburn,42,33,1,2,NA
Torbjørn Heggem,West Brom,45,45,1,2,NA
Michał Helik,Oxford United,20,20,5,0,NA
Onel Hernández,Norwich City,23,5,0,3,NA
Brad Hills,Norwich City,3,0,0,0,NA
Yu Hirakawa,Bristol City,36,17,2,2,NA
Václav Hladký,Burnley,1,1,0,0,185
Rob Holding,Sheffield Utd,10,4,0,1,264
Mason Holgate,West Brom,26,21,1,1,NA
Duane Holmes,Preston,29,6,1,1,NA
Tom Holmes,Luton Town,18,15,1,1,NA
George Honeyman,Millwall,40,28,2,5,NA
Ethan Horvath,Cardiff City,17,17,0,0,NA
Jordan Houghton,Plymouth Argyle,30,15,0,0,NA
Andreas Hountondji,Burnley,9,2,0,0,NA
Jonny Howson,Middlesbrough,21,15,1,0,NA
Andrew Hughes,Preston,40,36,0,1,NA
Charlie Hughes,Hull City,27,26,1,1,NA
Trai Hume,Sunderland,44,43,3,6,532
Bashir Humphreys,Burnley,25,20,1,2,193
Shaun Hutchinson,Millwall,9,4,0,0,NA
Dominic Hyam,Blackburn,46,46,2,2,NA
Adam Idah,Norwich City,1,0,0,0,NA
Kelechi Iheanacho,Middlesbrough,15,9,1,2,NA
Michael Ihiekwe,Sheffield Weds,22,20,2,0,NA
Samuel Iling-Junior,Middlesbrough,16,11,1,2,51
Tom Ince,Watford,32,13,1,1,NA
Svante Ingelsson,Sheffield Weds,35,19,1,5,NA
Matt Ingram,Oxford United,1,1,0,0,NA
Dominic Iorfa,Sheffield Weds,22,17,1,0,NA
Wilson Isidor,Sunderland,43,34,12,2,560
Frederick Issaka,Plymouth Argyle,19,3,1,0,NA
Mihailo Ivanović,Millwall,37,23,12,0,NA
Kayden Jackson,Derby County,46,28,3,2,NA
Matty Jacob,Hull City,8,4,1,0,NA
Daniel James,Leeds United,36,30,12,9,353
William Jarvis,Hull City,6,0,0,0,NA
Daniel Jebbison,Watford,13,3,0,0,NA
Lukas Jensen,Millwall,41,41,0,0,NA
Eom Jisung,Swansea City,37,28,3,2,NA
Viktor Johansson,Stoke City,46,46,0,0,NA
Daniel Johnson,Stoke City,1,0,0,0,NA
Joseph Johnson,Luton Town,8,5,0,0,NA
Marvin Johnson,Sheffield Weds,41,30,0,2,NA
Michael Johnston,West Brom,40,25,3,5,NA
Alfie Jones,Hull City,41,37,0,0,NA
Harrison Jones,Sunderland,4,2,0,0,557
Isaiah Jones,Middlesbrough,21,8,0,0,NA
Isaiah Jones,Luton Town,17,16,2,0,NA
Kyle Joseph,Hull City,16,13,0,0,NA
Mateo Joseph,Leeds United,39,11,3,3,NA
Mads Juel Andersen,Luton Town,8,5,0,0,NA
Bae Junho,Stoke City,45,37,3,5,NA
Matěj Jurásek,Norwich City,2,1,0,0,NA
Abdoulaye Kamara,Portsmouth,5,0,0,0,NA
Abu Kamara,Norwich City,2,0,0,0,NA
Abu Kamara,Hull City,36,25,5,3,NA
Thomas Kaminski,Luton Town,45,45,0,1,NA
Wilfried Kanga,Cardiff City,15,5,0,0,NA
Augustus Kargbo,Blackburn,8,2,0,1,NA
Nikola Katić,Plymouth Argyle,15,14,1,0,NA
Edo Kayembe,Watford,44,37,8,1,NA
Will Keane,Preston,27,13,3,0,NA
Kévin Keben Biakolo,Watford,6,3,0,0,NA
Daniel Kelly,Millwall,2,0,0,0,NA
Kaine Kesler-Hayden,Preston,44,41,2,3,NA
Josh Key,Swansea City,45,39,1,3,NA
Ben Killip,Portsmouth,2,2,0,0,NA
Peter Kioso,Oxford United,30,26,0,1,NA
Liam Kitching,Coventry City,27,26,0,1,NA
Jason Knight,Bristol City,46,46,3,6,NA
Olaf Kobacki,Sheffield Weds,12,4,0,0,NA
Luca Koleosho,Burnley,28,20,2,0,208
Rayan Kolli,QPR,20,9,4,2,NA
Lewis Koumas,Stoke City,43,26,3,2,NA
Ronan Kpakio,Cardiff City,3,1,0,1,NA
Tom Krauß,Luton Town,23,20,2,4,NA
Paddy Lane,Portsmouth,22,13,1,1,NA
Callum Lang,Portsmouth,32,28,10,2,NA
Sondre Langås,Derby County,14,13,0,0,NA
Macaulay Langstaff,Millwall,34,14,1,2,NA
Will Lankshear,West Brom,11,4,0,0,598
Yasser Larouci,Watford,39,26,0,3,NA
Joël Latibeaudière,Coventry City,33,29,0,0,NA
Emmanuel Latte Lath,Middlesbrough,29,20,11,3,NA
Josh Laurent,Stoke City,3,3,0,0,209
Josh Laurent,Burnley,42,25,2,2,209
Mohammed Lawal,Stoke City,7,1,0,0,NA
Dylan Lawlor,Cardiff City,1,0,0,0,NA
Enzo Le Fée,Sunderland,15,11,1,1,547
Tom Leahy,Millwall,1,0,0,0,NA
Ryan Ledson,Preston,26,14,1,1,NA
Greg Leigh,Oxford United,34,24,6,1,NA
Harry Leonard,Blackburn,9,0,1,0,NA
Ryan Leonard,Millwall,33,29,0,1,NA
Lincoln,Hull City,11,4,0,1,NA
Liam Lindsay,Preston,35,29,1,1,NA
Alfie Lloyd,QPR,27,4,2,0,NA
Ben Lloyd,Swansea City,2,0,0,0,NA
George Long,Norwich City,9,8,0,0,NA
Sam Long,Oxford United,24,18,1,1,NA
Ryan Longman,Hull City,9,6,1,0,NA
Imran Louza,Watford,33,30,2,5,NA
Jamal Lowe,Sheffield Weds,24,12,3,2,NA
Max Lowe,Sheffield Weds,34,31,0,0,NA
Nathan Lowe,Stoke City,10,5,1,0,NA
Lucas,Burnley,34,32,0,2,NA
Nicolas Madsen,QPR,31,20,3,3,NA
Lucien Mahovo,Norwich City,8,6,0,0,NA
Josh Maja,West Brom,26,26,12,2,NA
Christ Makosso,Luton Town,13,12,0,1,NA
Million Manhoef,Stoke City,34,28,5,5,NA
Sivert Mannsverk,Cardiff City,14,12,0,1,NA
Benson Manuel,Burnley,3,0,1,0,NA
Emiliano Marcondes,Norwich City,33,25,5,6,NA
Ephron Mason-Clark,Coventry City,30,17,5,5,NA
Han-Noah Massengo,Burnley,8,1,0,1,NA
Zavier Massiah,Watford,4,0,0,0,NA
Eliot Matazo,Hull City,6,4,1,0,NA
Alex Matos,Oxford United,20,10,0,0,NA
Hayden Matthews,Portsmouth,6,3,0,0,NA
Eliezer Mayenda,Sunderland,37,22,8,5,NA
Fally Mayulu,Bristol City,15,3,2,0,NA
Sam McCallum,Sheffield Utd,33,9,2,0,NA
Alistair McCann,Preston,29,28,1,0,NA
Ruairi Mcconville,Norwich City,8,3,0,0,NA
George McCormick,Middlesbrough,1,0,0,0,NA
Ross McCrorie,Bristol City,23,18,5,0,NA
Josh McEachran,Oxford United,12,6,0,1,NA
Kyle McFadzean,Blackburn,1,0,0,0,NA
Riley McGree,Middlesbrough,17,11,1,5,NA
Marcus McGuane,Bristol City,21,11,0,0,NA
Mark McGuinness,Luton Town,43,41,3,3,NA
Tom McIntyre,Portsmouth,12,11,0,0,NA
Kenny McLean,Norwich City,34,33,0,4,NA
Sean McLoughlin,Hull City,37,37,0,1,NA
Paddy McNair,West Brom,2,2,0,0,NA
Luke McNally,Bristol City,26,26,3,1,NA
Luke McNally,Burnley,2,0,0,0,NA
Dan McNamara,Millwall,13,7,0,0,NA
Charlie McNeill,Sheffield Weds,4,0,0,0,NA
Jayden Meghoma,Preston,12,11,0,1,118
Marvin Mehlem,Hull City,16,9,0,3,NA
Anis Mehmeti,Bristol City,42,29,12,1,NA
Yakou Méïte,Cardiff City,34,11,3,0,NA
Hannibal Mejbri,Burnley,37,23,1,4,207
Nathaniel Mendez-Laing,Derby County,41,26,3,4,NA
Teden Mengi,Luton Town,20,17,1,1,NA
Chris Mepham,Sunderland,38,37,1,0,79
Illan Meslier,Leeds United,39,39,0,0,339
Liam Millar,Hull City,11,6,1,2,NA
Stanley Mills,Oxford United,11,3,1,0,NA
Yang Minhyeok,QPR,14,8,2,1,NA
Billy Mitchell,Millwall,19,9,0,0,NA
Idris El Mizouni,Oxford United,28,12,1,2,NA
Ryan Mmaee,Stoke City,3,1,0,0,NA
Jayson Molumby,West Brom,37,30,4,1,NA
Kristi Montgomery,Blackburn,3,1,0,0,NA
Elliott Moore,Oxford United,26,24,1,2,NA
Kieffer Moore,Sheffield Utd,27,18,5,0,NA
Simon Moore,Sunderland,4,4,0,0,529
Andrew Moran,Stoke City,35,26,4,3,177
Kieran Morgan,QPR,30,19,1,2,NA
Aidan Morris,Middlesbrough,35,33,0,2,NA
Carlton Morris,Luton Town,41,37,8,2,NA
James Morris,Watford,18,13,0,0,NA
Elijah Morrison,Bristol City,3,0,0,0,NA
Liam Morrison,QPR,19,14,0,0,NA
Victor Moses,Luton Town,18,12,1,0,NA
Alex Mowatt,West Brom,43,39,7,2,NA
Owen Moxon,Portsmouth,12,2,0,0,NA
Bali Mumba,Plymouth Argyle,43,37,0,2,NA
Romaine Mundle,Sunderland,22,17,5,2,548
Josh Murphy,Portsmouth,42,40,7,14,NA
Anthony Musaba,Sheffield Weds,29,12,3,6,NA
Elliot Myles,Norwich City,3,0,0,0,NA
Amin Nabizada,Watford,1,0,0,0,NA
Kal Naismith,Bristol City,6,2,0,0,NA
Kal Naismith,Luton Town,10,5,0,0,NA
Marvelous Nakamba,Luton Town,21,15,0,0,NA
Paul Nardi,QPR,45,45,0,0,NA
Kyle Naughton,Swansea City,23,9,0,0,NA
Camiel Neghli,Millwall,4,2,1,0,NA
Dan Neil,Sunderland,44,44,2,3,549
Benjamin Nelson,Oxford United,17,16,1,0,NA
Curtis Nelson,Derby County,27,27,2,1,NA
Zack Nelson,Luton Town,21,7,0,1,NA
Perry Ng,Cardiff City,35,31,1,1,NA
Jeremy Ngakia,Watford,29,23,1,0,NA
Kevin Nisbet,Millwall,1,0,0,0,NA
Lasse Nordås,Luton Town,10,2,0,1,NA
Casper de Norre,Millwall,46,44,3,4,NA
Rhys Norrington-Davies,Sheffield Utd,14,2,0,0,NA
Will Norris,Portsmouth,8,8,0,0,NA
Marcelino Núñez,Norwich City,32,27,6,4,NA
Tanatswa Nyakuhwa,Cardiff City,1,0,0,0,NA
Ryan Nyambe,Derby County,17,14,0,0,NA
Lewis O'Brien,Swansea City,16,16,1,0,520
Gatlin O'Donkor,Oxford United,1,0,0,0,NA
Callum O'Dowda,Cardiff City,42,41,2,3,NA
Callum O'Hare,Sheffield Utd,44,38,2,6,NA
Max O'Leary,Bristol City,46,46,0,0,NA
Mark O'Mahony,Portsmouth,13,5,3,0,NA
Luke O'Nien,Sunderland,45,44,3,1,539
Dara O'Shea,Burnley,2,2,1,0,NA
Michael Obafemi,Plymouth Argyle,29,14,2,0,219
Wilson Odobert,Burnley,1,1,1,0,588
Chiedozie Ogbene,Luton Town,3,3,0,0,NA
Nathanael Ogbeta,Plymouth Argyle,17,9,1,1,NA
Angelo Ogbonna,Watford,6,5,0,0,NA
Connor Ogilvie,Portsmouth,45,45,4,1,NA
Yuki Ohashi,Blackburn,36,26,9,3,NA
Jeppe Okkels,Preston,7,1,0,0,NA
Abdülkadir Ömür,Hull City,20,12,0,0,NA
Ryan One,Sheffield Utd,12,2,1,0,NA
Ben Osborn,Derby County,25,18,0,1,NA
Milutin Osmajić,Preston,34,20,9,3,NA
Gabriel Otegbayo,Sheffield Weds,11,4,1,0,NA
David Ozoh,Derby County,10,9,1,0,280
Kenneth Paal,QPR,39,34,1,3,NA
Marlon Pack,Portsmouth,41,30,0,2,NA
Alex Palmer,West Brom,30,30,0,0,NA
Kasey Palmer,Hull City,26,11,1,2,NA
Kasey Palmer,Coventry City,3,0,1,0,NA
Liam Palmer,Sheffield Weds,23,7,0,0,NA
Victor Pálsson,Plymouth Argyle,25,19,0,1,NA
Ivor Pandur,Hull City,44,44,0,0,NA
Samuel Parker,Swansea City,7,0,0,0,NA
Callum Paterson,Sheffield Weds,27,14,6,2,NA
Jamie Paterson,Coventry City,8,0,1,0,NA
Anthony Patterson,Sunderland,42,42,0,0,528
Aynsley Pears,Blackburn,40,40,0,0,NA
Ben Pearson,Stoke City,13,8,0,0,NA
Myles Peart-Harris,Swansea City,29,18,3,4,133
Sydie Peck,Sheffield Utd,42,32,0,2,NA
João Pedro,Hull City,35,25,6,2,NA
Ashley Phillips,Stoke City,35,35,0,0,576
Joshua Phillips,Luton Town,1,0,0,0,NA
Matt Phillips,Oxford United,28,10,0,2,NA
Nathaniel Phillips,Derby County,32,24,1,3,NA
Harry Pickering,Blackburn,15,12,0,1,NA
Erik Pieters,Derby County,1,0,0,0,NA
Joël Piroe,Leeds United,46,36,19,7,362
Julio Pleguezuelo,Plymouth Argyle,24,23,1,0,NA
Matthew Pollock,Watford,45,42,2,4,NA
Regan Poole,Portsmouth,27,23,1,0,NA
Ryan Porteous,Preston,11,9,1,0,NA
Ryan Porteous,Watford,22,18,2,0,NA
Brad Potts,Preston,29,22,4,2,NA
Freddie Potts,Portsmouth,37,35,1,4,623
Ian Poveda,Sunderland,6,0,0,0,NA
Isaac Price,West Brom,15,13,1,1,NA
Cameron Pring,Bristol City,32,27,0,3,NA
Tymoteusz Puchacz,Plymouth Argyle,15,12,0,1,NA
Gustavo Puerta,Hull City,30,22,1,0,NA
Przemysław Płacheta,Oxford United,32,27,3,3,NA
Uroš Račić,West Brom,21,9,0,2,NA
Mileta Rajovic,Watford,3,0,1,0,NA
Jesurun Rak Sakyi,Sheffield Utd,34,22,7,2,NA
Joe Ralls,Cardiff City,21,15,0,1,NA
Largie Ramazani,Leeds United,29,7,6,2,357
Aaron Ramsey,Cardiff City,8,6,0,0,211
Aaron Ramsey,Burnley,1,0,0,0,211
Adam Randell,Plymouth Argyle,39,39,1,3,NA
Joe Rankin-Costello,Blackburn,29,13,2,2,NA
Nathan Redmond,Burnley,2,0,0,1,NA
Michael Reindorf,Cardiff City,2,0,0,0,NA
Vicente Reyes,Norwich City,4,3,0,0,NA
Yuri Ribeiro,Blackburn,15,15,0,1,NA
Chris Rigg,Sunderland,42,36,4,1,551
Emil Riis Jakobsen,Preston,45,29,12,2,NA
Andy Rinomhota,Cardiff City,30,24,0,1,NA
Matt Ritchie,Portsmouth,39,28,5,1,NA
Caleb Roberts,Plymouth Argyle,5,2,0,0,NA
Connor Roberts,Burnley,41,40,2,3,186
Haydon Roberts,Bristol City,30,15,1,1,NA
Liam Roberts,Millwall,2,1,0,0,NA
Patrick Roberts,Sunderland,45,38,2,7,545
Alexander Robertson,Cardiff City,35,29,3,3,NA
Callum Robinson,Cardiff City,34,24,12,1,NA
Jack Robinson,Sheffield Utd,34,31,0,0,NA
Joe Rodon,Leeds United,46,46,1,0,348
Ruben Rodrigues,Oxford United,39,28,4,3,NA
Jay Rodriguez,Burnley,20,8,2,0,NA
Ole Romeny,Oxford United,14,7,1,0,NA
Ronald,Swansea City,46,43,2,7,NA
Kemar Roofe,Derby County,3,0,0,0,NA
Michael Rose,Stoke City,22,13,0,0,NA
Joe Rothwell,Leeds United,36,24,0,4,NA
Pelly Ruddock Mpanzu,Luton Town,10,1,0,1,NA
Jack Rudoni,Coventry City,43,40,9,12,NA
Carl Rushworth,Hull City,2,2,0,0,141
Nazariy Rusyn,Sunderland,8,0,0,0,NA
Georginio Rutter,Leeds United,1,1,0,1,158
Sai Sachdev,Sheffield Utd,1,0,0,0,NA
Borja Sainz,Norwich City,41,41,18,4,NA
Koki Saito,QPR,39,25,3,2,NA
Tatsuhiro Sakamoto,Coventry City,42,30,4,6,NA
Yousef Salech,Cardiff City,20,14,8,1,NA
Lars-Jørgen Salvesen,Derby County,8,6,1,0,NA
Shurandy Sambo,Burnley,1,0,0,0,196
Dion Sanderson,Blackburn,12,4,0,0,NA
Hevertton Santos,QPR,6,4,0,0,NA
Josh Sargent,Norwich City,32,28,15,5,NA
Jeremy Sarmiento,Burnley,35,11,4,0,NA
George Saville,Millwall,45,36,1,3,NA
Christian Saydee,Portsmouth,29,10,3,0,NA
Calum Scanlon,Millwall,4,3,1,0,NA
Dane Scarlett,Oxford United,20,7,4,0,599
Nicolas Schmid,Portsmouth,35,35,0,2,NA
Isaac Schmidt,Leeds United,12,0,0,0,349
Oscar Schwartau,Norwich City,40,17,1,0,NA
Jenson Seelt,Sunderland,1,0,0,0,542
Tatsuki Seko,Stoke City,25,18,0,0,NA
Tyrell Sellars-Fleming,Hull City,4,0,0,0,NA
Egil Selvik,Watford,16,16,0,0,NA
Ken Sema,Watford,14,4,0,1,NA
Femi Seriki,Sheffield Utd,25,8,0,1,NA
Jamie Shackleton,Sheffield Utd,12,2,0,0,NA
Conor Shaughnessy,Portsmouth,9,7,1,0,NA
James Shea,Luton Town,2,1,0,0,NA
Ben Sheaf,Coventry City,29,23,0,2,NA
Jonjo Shelvey,Burnley,2,0,0,0,NA
Louie Sibley,Oxford United,11,1,1,0,NA
Sol Sidibé,Stoke City,8,3,0,1,NA
Francisco Sierralta,Watford,33,21,0,0,NA
Arnór Sigurðsson,Blackburn,5,0,1,0,NA
Sam Silvera,Portsmouth,11,5,0,0,NA
Ellis Simms,Coventry City,43,26,6,2,NA
Xavier Simons,Hull City,20,13,2,0,NA
Nathan Simpson,Middlesbrough,1,0,0,0,NA
Emmanouil Siopis,Cardiff City,21,16,0,0,NA
Moussa Sissoko,Watford,40,33,6,1,NA
Regan Slater,Hull City,44,36,1,1,NA
Michael Smith,Sheffield Weds,41,16,8,4,NA
Paul Smyth,QPR,43,30,1,4,NA
Manor Solomon,Leeds United,39,30,10,12,589
Oliver Sonne,Burnley,2,0,0,0,197
Matthew Sorinola,Plymouth Argyle,25,19,0,1,NA
Harry Souttar,Sheffield Utd,21,20,0,0,NA
Vinicius Souza,Sheffield Utd,35,32,0,1,NA
Jack Stacey,Norwich City,41,20,2,6,NA
Enda Stevens,Stoke City,18,13,0,2,NA
Ben Stevenson,Portsmouth,1,0,0,0,NA
Jordan Storey,Preston,35,35,1,1,NA
Pascal Struijk,Leeds United,35,31,5,0,343
Zak Sturge,Millwall,5,3,0,0,NA
Callum Styles,West Brom,34,29,3,1,NA
Emmerson Sutton,QPR,2,0,0,0,NA
Zak Swanson,Portsmouth,30,23,1,1,NA
John Swift,West Brom,36,19,3,1,NA
Mark Sykes,Bristol City,27,21,3,4,NA
Sammie Szmodics,Blackburn,1,0,1,1,NA
Kornél Szűcs,Plymouth Argyle,36,31,0,1,NA
Elias Sørensen,Portsmouth,12,4,1,0,NA
Jakob Sørensen,Norwich City,27,14,0,0,NA
Maksym Talovierov,Plymouth Argyle,11,10,1,1,NA
Ao Tanaka,Leeds United,43,37,5,2,NA
Japhet Tanganga,Millwall,40,40,2,0,NA
George Tanner,Bristol City,32,23,2,0,NA
Ollie Tanner,Cardiff City,29,15,2,2,NA
Fabio Tavares,Coventry City,1,0,0,0,NA
Joseph Taylor,Luton Town,13,0,0,0,NA
Junior Tchamadeu,Stoke City,41,35,1,2,NA
Hidde ter Avest,Oxford United,21,10,1,0,NA
Emre Tezgel,Stoke City,12,2,0,0,NA
Bobby Thomas,Coventry City,38,37,5,0,NA
Joshua Thomas,Swansea City,1,0,0,0,NA
Brandon Thomas-Asante,Coventry City,36,14,4,3,NA
Jordan Thompson,Stoke City,23,13,0,1,NA
Liam Thompson,Derby County,28,18,0,0,NA
Jordan Thorniley,Oxford United,2,0,0,0,NA
Muhamed Tijani,Plymouth Argyle,13,4,2,1,NA
Nathan Tjoe-A-On,Swansea City,1,0,0,0,NA
Victor Torp,Coventry City,36,25,6,4,NA
Balázs Tóth,Blackburn,6,6,0,0,NA
Ryley Towler,Portsmouth,12,10,1,0,NA
Andros Townsend,Luton Town,1,0,0,0,NA
James Trafford,Burnley,45,45,0,0,182
Mark Travers,Middlesbrough,17,17,0,0,288
Lewis Travis,Blackburn,38,37,2,1,NA
Nectarios Triantis,Sunderland,1,0,0,0,559
Sondre Tronstad,Blackburn,38,36,2,0,NA
Auston Trusty,Sheffield Utd,1,1,0,0,NA
David Turnbull,Cardiff City,19,10,1,0,NA
Scott Twine,Bristol City,35,26,5,3,NA
Igor Tyjon,Blackburn,2,0,0,0,NA
Josh Tymon,Swansea City,45,44,2,7,NA
Ike Ugbo,Sheffield Weds,34,15,0,0,NA
Pol Valentín,Sheffield Weds,34,13,1,0,NA
Yan Valery,Sheffield Weds,39,38,3,4,NA
Jonathan Varane,QPR,39,29,0,2,NA
Rocco Vata,Watford,33,15,3,4,NA
Harry Vaughan,Hull City,3,1,0,0,NA
Will Vaulks,Oxford United,44,38,1,2,NA
Josh Vickers,Derby County,6,6,0,0,NA
André Vidigal,Stoke City,10,0,0,0,NA
Lawrence Vigouroux,Swansea City,46,46,0,0,NA
Žan Vipotnik,Swansea City,42,24,7,0,NA
Vitinho,Burnley,3,3,1,1,NA
Zak Vyner,Bristol City,46,46,1,0,NA
Thomas Waddingham,Portsmouth,5,1,1,0,NA
Ben Waine,Plymouth Argyle,1,0,0,0,NA
Jed Wallace,West Brom,29,6,1,1,NA
Murray Wallace,Millwall,11,8,0,0,NA
Joe Walsh,QPR,1,1,0,0,NA
Liam Walsh,Luton Town,26,18,0,1,NA
Reuell Walters,Luton Town,14,11,0,0,NA
Joe Ward,Derby County,7,2,0,0,NA
Duncan Watmore,Millwall,26,19,5,1,NA
Tom Watson,Sunderland,20,11,2,0,172
Wout Weghorst,Burnley,2,0,0,0,NA
Andreas Weimann,Blackburn,30,15,7,2,NA
Nahki Wells,Bristol City,39,26,10,4,NA
Jack Whatmough,Preston,16,12,0,1,NA
Lennon Wheeldon,Derby County,1,0,0,0,NA
Ben Whiteman,Preston,35,27,0,2,NA
Morgan Whittaker,Plymouth Argyle,20,20,3,1,NA
Morgan Whittaker,Middlesbrough,16,11,0,1,NA
Harry Whitwell,West Brom,1,0,0,0,NA
Jacob Widell Zetterström,Derby County,40,40,0,0,NA
Joe Wildsmith,West Brom,10,10,0,0,NA
Caleb Wiley,Watford,10,8,0,1,NA
Joe Williams,Bristol City,24,18,0,4,NA
Jordan Williams,Portsmouth,20,15,0,0,NA
Chris Willock,Cardiff City,32,17,2,2,NA
Ben Wilmot,Stoke City,39,36,3,0,NA
Ben Wilson,Coventry City,4,4,0,0,NA
Kane Wilson,Derby County,33,26,2,1,NA
Josh Wilson-Esbrand,Stoke City,6,4,0,1,NA
Josh Windass,Sheffield Weds,44,38,13,5,NA
Ryan Wintle,Millwall,22,3,1,0,NA
Maximilian Wöber,Leeds United,8,2,1,0,NA
Freddie Woodman,Preston,37,37,0,0,369
Cauley Woodrow,Blackburn,9,2,0,1,NA
Cauley Woodrow,Luton Town,15,1,0,0,NA
Joe Worrall,Burnley,9,3,0,1,199
Callum Wright,Plymouth Argyle,35,14,1,0,NA
Haji Wright,Coventry City,27,21,12,1,NA
Jacob Wright,Norwich City,15,10,0,4,NA
Jerry Yates,Derby County,42,40,10,4,NA
Kusini Yengi,Portsmouth,14,4,0,0,NA
Óscar Zambrano,Hull City,8,5,1,1,NA
Anass Zaroury,Burnley,1,0,0,0,NA
Stefán Þórðarson,Preston,39,29,3,2,NA
