round,date,time,team1,team2,score_ht_1_1,score_ht_1_2,score_ft_1_1,score_ft_1_2,match_number,season_end
Matchday 1,2021-08-13,20:00,Brentford FC,Arsenal FC,1,0,2,0,1,2022
Matchday 1,2021-08-14,12:30,Manchester United FC,Leeds United FC,1,0,5,1,2,2022
Matchday 1,2021-08-14,15:00,Watford FC,Aston Villa FC,2,0,3,2,3,2022
Matchday 1,2021-08-14,15:00,Leicester City FC,Wolverhampton Wanderers FC,1,0,1,0,4,2022
Matchday 1,2021-08-14,15:00,Everton FC,Southampton FC,0,1,3,1,5,2022
Matchday 1,2021-08-14,15:00,Chelsea FC,Crystal Palace FC,2,0,3,0,6,2022
Matchday 1,2021-08-14,15:00,Burnley FC,Brighton & Hove Albion FC,1,0,1,2,7,2022
Matchday 1,2021-08-14,17:30,Norwich City FC,Liverpool FC,0,1,0,3,8,2022
Matchday 1,2021-08-15,14:00,Newcastle United FC,West Ham United FC,2,1,2,4,9,2022
Matchday 1,2021-08-15,16:30,Tottenham Hotspur FC,Manchester City FC,0,0,1,0,10,2022
Matchday 2,2021-08-21,12:30,Liverpool FC,Burnley FC,1,0,2,0,11,2022
Matchday 2,2021-08-21,15:00,Manchester City FC,Norwich City FC,2,0,5,0,12,2022
Matchday 2,2021-08-21,15:00,Leeds United FC,Everton FC,1,1,2,2,13,2022
Matchday 2,2021-08-21,15:00,Crystal Palace FC,Brentford FC,NA,NA,0,0,14,2022
Matchday 2,2021-08-21,15:00,Aston Villa FC,Newcastle United FC,1,0,2,0,15,2022
Matchday 2,2021-08-21,17:30,Brighton & Hove Albion FC,Watford FC,2,0,2,0,16,2022
Matchday 2,2021-08-22,14:00,Wolverhampton Wanderers FC,Tottenham Hotspur FC,0,1,0,1,17,2022
Matchday 2,2021-08-22,14:00,Southampton FC,Manchester United FC,1,0,1,1,18,2022
Matchday 2,2021-08-22,16:30,Arsenal FC,Chelsea FC,0,2,0,2,19,2022
Matchday 2,2021-08-23,20:00,West Ham United FC,Leicester City FC,1,0,4,1,20,2022
Matchday 3,2021-08-28,12:30,Manchester City FC,Arsenal FC,3,0,5,0,21,2022
Matchday 3,2021-08-28,15:00,West Ham United FC,Crystal Palace FC,1,0,2,2,22,2022
Matchday 3,2021-08-28,15:00,Norwich City FC,Leicester City FC,1,1,1,2,23,2022
Matchday 3,2021-08-28,15:00,Newcastle United FC,Southampton FC,0,0,2,2,24,2022
Matchday 3,2021-08-28,15:00,Brighton & Hove Albion FC,Everton FC,0,1,0,2,25,2022
Matchday 3,2021-08-28,15:00,Aston Villa FC,Brentford FC,1,1,1,1,26,2022
Matchday 3,2021-08-28,17:30,Liverpool FC,Chelsea FC,1,1,1,1,27,2022
Matchday 3,2021-08-29,14:00,Tottenham Hotspur FC,Watford FC,1,0,1,0,28,2022
Matchday 3,2021-08-29,14:00,Burnley FC,Leeds United FC,0,0,1,1,29,2022
Matchday 3,2021-08-29,16:30,Wolverhampton Wanderers FC,Manchester United FC,0,0,0,1,30,2022
Matchday 4,2021-09-11,12:30,Crystal Palace FC,Tottenham Hotspur FC,0,0,3,0,31,2022
Matchday 4,2021-09-11,15:00,Watford FC,Wolverhampton Wanderers FC,0,0,0,2,32,2022
Matchday 4,2021-09-11,15:00,Southampton FC,West Ham United FC,NA,NA,0,0,33,2022
Matchday 4,2021-09-11,15:00,Manchester United FC,Newcastle United FC,1,0,4,1,34,2022
Matchday 4,2021-09-11,15:00,Leicester City FC,Manchester City FC,0,0,0,1,35,2022
Matchday 4,2021-09-11,15:00,Brentford FC,Brighton & Hove Albion FC,0,0,0,1,36,2022
Matchday 4,2021-09-11,15:00,Arsenal FC,Norwich City FC,0,0,1,0,37,2022
Matchday 4,2021-09-11,17:30,Chelsea FC,Aston Villa FC,1,0,3,0,38,2022
Matchday 4,2021-09-12,16:30,Leeds United FC,Liverpool FC,0,1,0,3,39,2022
Matchday 4,2021-09-13,20:00,Everton FC,Burnley FC,0,0,3,1,40,2022
Matchday 5,2021-09-17,20:00,Newcastle United FC,Leeds United FC,1,1,1,1,41,2022
Matchday 5,2021-09-18,12:30,Wolverhampton Wanderers FC,Brentford FC,0,2,0,2,42,2022
Matchday 5,2021-09-18,15:00,Norwich City FC,Watford FC,1,1,1,3,43,2022
Matchday 5,2021-09-18,15:00,Manchester City FC,Southampton FC,NA,NA,0,0,44,2022
Matchday 5,2021-09-18,15:00,Liverpool FC,Crystal Palace FC,1,0,3,0,45,2022
Matchday 5,2021-09-18,15:00,Burnley FC,Arsenal FC,0,1,0,1,46,2022
Matchday 5,2021-09-18,17:30,Aston Villa FC,Everton FC,0,0,3,0,47,2022
Matchday 5,2021-09-19,14:00,West Ham United FC,Manchester United FC,1,1,1,2,48,2022
Matchday 5,2021-09-19,14:00,Brighton & Hove Albion FC,Leicester City FC,1,0,2,1,49,2022
Matchday 5,2021-09-19,16:30,Tottenham Hotspur FC,Chelsea FC,0,0,0,3,50,2022
Matchday 6,2021-09-25,12:30,Manchester United FC,Aston Villa FC,0,0,0,1,51,2022
Matchday 6,2021-09-25,12:30,Chelsea FC,Manchester City FC,0,0,0,1,52,2022
Matchday 6,2021-09-25,15:00,Watford FC,Newcastle United FC,0,1,1,1,53,2022
Matchday 6,2021-09-25,15:00,Leicester City FC,Burnley FC,1,2,2,2,54,2022
Matchday 6,2021-09-25,15:00,Leeds United FC,West Ham United FC,1,0,1,2,55,2022
Matchday 6,2021-09-25,15:00,Everton FC,Norwich City FC,1,0,2,0,56,2022
Matchday 6,2021-09-25,17:30,Brentford FC,Liverpool FC,1,1,3,3,57,2022
Matchday 6,2021-09-26,14:00,Southampton FC,Wolverhampton Wanderers FC,0,0,0,1,58,2022
Matchday 6,2021-09-26,16:30,Arsenal FC,Tottenham Hotspur FC,3,0,3,1,59,2022
Matchday 6,2021-09-27,20:00,Crystal Palace FC,Brighton & Hove Albion FC,1,0,1,1,60,2022
Matchday 7,2021-10-02,12:30,Manchester United FC,Everton FC,1,0,1,1,61,2022
Matchday 7,2021-10-02,15:00,Wolverhampton Wanderers FC,Newcastle United FC,1,1,2,1,62,2022
Matchday 7,2021-10-02,15:00,Leeds United FC,Watford FC,1,0,1,0,63,2022
Matchday 7,2021-10-02,15:00,Chelsea FC,Southampton FC,1,0,3,1,64,2022
Matchday 7,2021-10-02,15:00,Burnley FC,Norwich City FC,NA,NA,0,0,65,2022
Matchday 7,2021-10-02,17:30,Brighton & Hove Albion FC,Arsenal FC,NA,NA,0,0,66,2022
Matchday 7,2021-10-03,14:00,West Ham United FC,Brentford FC,0,1,1,2,67,2022
Matchday 7,2021-10-03,14:00,Tottenham Hotspur FC,Aston Villa FC,1,0,2,1,68,2022
Matchday 7,2021-10-03,14:00,Crystal Palace FC,Leicester City FC,0,2,2,2,69,2022
Matchday 7,2021-10-03,16:30,Liverpool FC,Manchester City FC,0,0,2,2,70,2022
Matchday 8,2021-10-16,12:30,Watford FC,Liverpool FC,0,2,0,5,71,2022
Matchday 8,2021-10-16,15:00,Southampton FC,Leeds United FC,0,0,1,0,72,2022
Matchday 8,2021-10-16,15:00,Norwich City FC,Brighton & Hove Albion FC,NA,NA,0,0,73,2022
Matchday 8,2021-10-16,15:00,Manchester City FC,Burnley FC,1,0,2,0,74,2022
Matchday 8,2021-10-16,15:00,Leicester City FC,Manchester United FC,1,1,4,2,75,2022
Matchday 8,2021-10-16,15:00,Aston Villa FC,Wolverhampton Wanderers FC,0,0,2,3,76,2022
Matchday 8,2021-10-16,17:30,Brentford FC,Chelsea FC,0,1,0,1,77,2022
Matchday 8,2021-10-17,14:00,Everton FC,West Ham United FC,0,0,0,1,78,2022
Matchday 8,2021-10-17,16:30,Newcastle United FC,Tottenham Hotspur FC,1,3,2,3,79,2022
Matchday 8,2021-10-18,20:00,Arsenal FC,Crystal Palace FC,1,0,2,2,80,2022
Matchday 9,2021-10-22,20:00,Arsenal FC,Aston Villa FC,2,0,3,1,81,2022
Matchday 9,2021-10-23,12:30,Chelsea FC,Norwich City FC,3,0,7,0,82,2022
Matchday 9,2021-10-23,15:00,Southampton FC,Burnley FC,1,1,2,2,83,2022
Matchday 9,2021-10-23,15:00,Leeds United FC,Wolverhampton Wanderers FC,0,1,1,1,84,2022
Matchday 9,2021-10-23,15:00,Everton FC,Watford FC,1,1,2,5,85,2022
Matchday 9,2021-10-23,15:00,Crystal Palace FC,Newcastle United FC,0,0,1,1,86,2022
Matchday 9,2021-10-23,17:30,Brighton & Hove Albion FC,Manchester City FC,0,3,1,4,87,2022
Matchday 9,2021-10-24,14:00,West Ham United FC,Tottenham Hotspur FC,0,0,1,0,88,2022
Matchday 9,2021-10-24,14:00,Brentford FC,Leicester City FC,0,1,1,2,89,2022
Matchday 9,2021-10-24,16:30,Manchester United FC,Liverpool FC,0,4,0,5,90,2022
Matchday 10,2021-10-30,12:30,Leicester City FC,Arsenal FC,0,2,0,2,91,2022
Matchday 10,2021-10-30,15:00,Watford FC,Southampton FC,0,1,0,1,92,2022
Matchday 10,2021-10-30,15:00,Newcastle United FC,Chelsea FC,0,0,0,3,93,2022
Matchday 10,2021-10-30,15:00,Manchester City FC,Crystal Palace FC,0,1,0,2,94,2022
Matchday 10,2021-10-30,15:00,Liverpool FC,Brighton & Hove Albion FC,2,1,2,2,95,2022
Matchday 10,2021-10-30,15:00,Burnley FC,Brentford FC,3,0,3,1,96,2022
Matchday 10,2021-10-30,17:30,Tottenham Hotspur FC,Manchester United FC,0,1,0,3,97,2022
Matchday 10,2021-10-31,14:00,Norwich City FC,Leeds United FC,0,0,1,2,98,2022
Matchday 10,2021-10-31,16:30,Aston Villa FC,West Ham United FC,1,2,1,4,99,2022
Matchday 10,2021-11-01,20:00,Wolverhampton Wanderers FC,Everton FC,2,0,2,1,100,2022
Matchday 11,2021-11-05,20:00,Southampton FC,Aston Villa FC,1,0,1,0,101,2022
Matchday 11,2021-11-06,12:30,Manchester United FC,Manchester City FC,0,2,0,2,102,2022
Matchday 11,2021-11-06,15:00,Crystal Palace FC,Wolverhampton Wanderers FC,0,0,2,0,103,2022
Matchday 11,2021-11-06,15:00,Chelsea FC,Burnley FC,1,0,1,1,104,2022
Matchday 11,2021-11-06,15:00,Brentford FC,Norwich City FC,0,2,1,2,105,2022
Matchday 11,2021-11-06,17:30,Brighton & Hove Albion FC,Newcastle United FC,1,0,1,1,106,2022
Matchday 11,2021-11-07,14:00,Leeds United FC,Leicester City FC,1,1,1,1,107,2022
Matchday 11,2021-11-07,14:00,Everton FC,Tottenham Hotspur FC,NA,NA,0,0,108,2022
Matchday 11,2021-11-07,14:00,Arsenal FC,Watford FC,0,0,1,0,109,2022
Matchday 11,2021-11-07,16:30,West Ham United FC,Liverpool FC,1,1,3,2,110,2022
Matchday 12,2021-11-20,12:30,Leicester City FC,Chelsea FC,0,2,0,3,111,2022
Matchday 12,2021-11-20,15:00,Wolverhampton Wanderers FC,West Ham United FC,0,0,1,0,112,2022
Matchday 12,2021-11-20,15:00,Watford FC,Manchester United FC,2,0,4,1,113,2022
Matchday 12,2021-11-20,15:00,Norwich City FC,Southampton FC,1,1,2,1,114,2022
Matchday 12,2021-11-20,15:00,Newcastle United FC,Brentford FC,2,2,3,3,115,2022
Matchday 12,2021-11-20,15:00,Burnley FC,Crystal Palace FC,2,3,3,3,116,2022
Matchday 12,2021-11-20,15:00,Aston Villa FC,Brighton & Hove Albion FC,0,0,2,0,117,2022
Matchday 12,2021-11-20,17:30,Liverpool FC,Arsenal FC,1,0,4,0,118,2022
Matchday 12,2021-11-21,14:00,Manchester City FC,Everton FC,1,0,3,0,119,2022
Matchday 12,2021-11-21,16:30,Tottenham Hotspur FC,Leeds United FC,0,1,2,1,120,2022
Matchday 13,2021-11-27,12:30,Arsenal FC,Newcastle United FC,0,0,2,0,121,2022
Matchday 13,2021-11-27,15:00,Norwich City FC,Wolverhampton Wanderers FC,NA,NA,0,0,122,2022
Matchday 13,2021-11-27,15:00,Liverpool FC,Southampton FC,3,0,4,0,123,2022
Matchday 13,2021-11-27,15:00,Crystal Palace FC,Aston Villa FC,0,1,1,2,124,2022
Matchday 13,2021-11-27,17:30,Brighton & Hove Albion FC,Leeds United FC,NA,NA,0,0,125,2022
Matchday 13,2021-11-28,14:00,Manchester City FC,West Ham United FC,1,0,2,1,126,2022
Matchday 13,2021-11-28,14:00,Leicester City FC,Watford FC,3,1,4,2,127,2022
Matchday 13,2021-11-28,14:00,Brentford FC,Everton FC,1,0,1,0,128,2022
Matchday 13,2021-11-28,16:30,Chelsea FC,Manchester United FC,0,0,1,1,129,2022
Matchday 14,2021-11-30,19:30,Newcastle United FC,Norwich City FC,0,0,1,1,130,2022
Matchday 14,2021-11-30,20:15,Leeds United FC,Crystal Palace FC,0,0,1,0,131,2022
Matchday 14,2021-12-01,19:30,Southampton FC,Leicester City FC,2,1,2,2,132,2022
Matchday 14,2021-12-01,19:30,Wolverhampton Wanderers FC,Burnley FC,NA,NA,0,0,133,2022
Matchday 14,2021-12-01,19:30,West Ham United FC,Brighton & Hove Albion FC,1,0,1,1,134,2022
Matchday 14,2021-12-01,19:30,Watford FC,Chelsea FC,1,1,1,2,135,2022
Matchday 14,2021-12-01,20:15,Everton FC,Liverpool FC,1,2,1,4,136,2022
Matchday 14,2021-12-01,20:15,Aston Villa FC,Manchester City FC,0,2,1,2,137,2022
Matchday 14,2021-12-02,19:30,Tottenham Hotspur FC,Brentford FC,1,0,2,0,138,2022
Matchday 14,2021-12-02,20:15,Manchester United FC,Arsenal FC,1,1,3,2,139,2022
Matchday 15,2021-12-04,12:30,West Ham United FC,Chelsea FC,1,2,3,2,140,2022
Matchday 15,2021-12-04,15:00,Wolverhampton Wanderers FC,Liverpool FC,0,0,0,1,141,2022
Matchday 15,2021-12-04,15:00,Southampton FC,Brighton & Hove Albion FC,1,0,1,1,142,2022
Matchday 15,2021-12-04,15:00,Newcastle United FC,Burnley FC,1,0,1,0,143,2022
Matchday 15,2021-12-04,17:30,Watford FC,Manchester City FC,0,2,1,3,144,2022
Matchday 15,2021-12-05,14:00,Tottenham Hotspur FC,Norwich City FC,1,0,3,0,145,2022
Matchday 15,2021-12-05,14:00,Manchester United FC,Crystal Palace FC,0,0,1,0,146,2022
Matchday 15,2021-12-05,14:00,Leeds United FC,Brentford FC,1,0,2,2,147,2022
Matchday 15,2021-12-05,16:30,Aston Villa FC,Leicester City FC,1,1,2,1,148,2022
Matchday 15,2021-12-06,20:00,Everton FC,Arsenal FC,0,1,2,1,149,2022
Matchday 16,2021-12-10,20:00,Brentford FC,Watford FC,0,1,2,1,150,2022
Matchday 16,2021-12-11,12:30,Manchester City FC,Wolverhampton Wanderers FC,0,0,1,0,151,2022
Matchday 16,2021-12-11,15:00,Liverpool FC,Aston Villa FC,0,0,1,0,152,2022
Matchday 16,2021-12-11,15:00,Chelsea FC,Leeds United FC,1,1,3,2,153,2022
Matchday 16,2021-12-11,15:00,Arsenal FC,Southampton FC,2,0,3,0,154,2022
Matchday 16,2021-12-11,17:30,Norwich City FC,Manchester United FC,0,0,0,1,155,2022
Matchday 16,2021-12-12,14:00,Leicester City FC,Newcastle United FC,1,0,4,0,156,2022
Matchday 16,2021-12-12,14:00,Burnley FC,West Ham United FC,NA,NA,0,0,157,2022
Matchday 16,2021-12-12,16:30,Crystal Palace FC,Everton FC,1,0,3,1,158,2022
Matchday 17,2021-12-14,19:45,Norwich City FC,Aston Villa FC,0,1,0,2,159,2022
Matchday 17,2021-12-14,20:00,Manchester City FC,Leeds United FC,3,0,7,0,160,2022
Matchday 17,2021-12-15,19:30,Crystal Palace FC,Southampton FC,1,2,2,2,161,2022
Matchday 17,2021-12-15,19:30,Brighton & Hove Albion FC,Wolverhampton Wanderers FC,0,1,0,1,162,2022
Matchday 17,2021-12-15,20:00,Arsenal FC,West Ham United FC,0,0,2,0,163,2022
Matchday 17,2021-12-16,19:45,Chelsea FC,Everton FC,0,0,1,1,164,2022
Matchday 17,2021-12-16,20:00,Liverpool FC,Newcastle United FC,2,1,3,1,165,2022
Matchday 18,2021-12-18,17:30,Leeds United FC,Arsenal FC,0,3,1,4,166,2022
Matchday 18,2021-12-19,14:00,Wolverhampton Wanderers FC,Chelsea FC,NA,NA,0,0,167,2022
Matchday 18,2021-12-19,14:00,Newcastle United FC,Manchester City FC,0,2,0,4,168,2022
Matchday 18,2021-12-19,16:30,Tottenham Hotspur FC,Liverpool FC,1,1,2,2,169,2022
Matchday 19,2021-12-26,15:00,West Ham United FC,Southampton FC,0,1,2,3,170,2022
Matchday 19,2021-12-26,15:00,Tottenham Hotspur FC,Crystal Palace FC,2,0,3,0,171,2022
Matchday 19,2021-12-26,15:00,Norwich City FC,Arsenal FC,0,2,0,5,172,2022
Matchday 19,2021-12-26,15:00,Manchester City FC,Leicester City FC,4,0,6,3,173,2022
Matchday 19,2021-12-26,17:30,Aston Villa FC,Chelsea FC,1,1,1,3,174,2022
Matchday 19,2021-12-26,20:00,Brighton & Hove Albion FC,Brentford FC,2,0,2,0,175,2022
Matchday 19,2021-12-27,20:00,Newcastle United FC,Manchester United FC,1,0,1,1,176,2022
Matchday 20,2021-12-28,15:00,Crystal Palace FC,Norwich City FC,3,0,3,0,177,2022
Matchday 20,2021-12-28,15:00,Watford FC,West Ham United FC,1,2,1,4,178,2022
Matchday 20,2021-12-28,15:00,Southampton FC,Tottenham Hotspur FC,1,1,1,1,179,2022
Matchday 20,2021-12-28,20:00,Leicester City FC,Liverpool FC,0,0,1,0,180,2022
Matchday 20,2021-12-29,19:30,Chelsea FC,Brighton & Hove Albion FC,1,0,1,1,181,2022
Matchday 20,2021-12-29,20:15,Brentford FC,Manchester City FC,0,1,0,1,182,2022
Matchday 20,2021-12-30,20:15,Manchester United FC,Burnley FC,3,1,3,1,183,2022
Matchday 21,2022-01-01,12:30,Arsenal FC,Manchester City FC,1,0,1,2,184,2022
Matchday 21,2022-01-01,15:00,Watford FC,Tottenham Hotspur FC,0,0,0,1,185,2022
Matchday 21,2022-01-01,17:30,Crystal Palace FC,West Ham United FC,0,3,2,3,186,2022
Matchday 21,2022-01-02,14:00,Leeds United FC,Burnley FC,1,0,3,1,187,2022
Matchday 21,2022-01-02,14:00,Everton FC,Brighton & Hove Albion FC,0,2,2,3,188,2022
Matchday 21,2022-01-02,14:00,Brentford FC,Aston Villa FC,1,1,2,1,189,2022
Matchday 21,2022-01-02,16:30,Chelsea FC,Liverpool FC,2,2,2,2,190,2022
Matchday 21,2022-01-03,17:30,Manchester United FC,Wolverhampton Wanderers FC,0,0,0,1,191,2022
Matchday 18,2022-01-11,19:45,Southampton FC,Brentford FC,2,1,4,1,192,2022
Matchday 18,2022-01-12,19:45,West Ham United FC,Norwich City FC,1,0,2,0,193,2022
Matchday 22,2022-01-14,20:00,Brighton & Hove Albion FC,Crystal Palace FC,0,0,1,1,194,2022
Matchday 22,2022-01-15,12:30,Manchester City FC,Chelsea FC,0,0,1,0,195,2022
Matchday 22,2022-01-15,15:00,Wolverhampton Wanderers FC,Southampton FC,1,0,3,1,196,2022
Matchday 22,2022-01-15,15:00,Norwich City FC,Everton FC,2,0,2,1,197,2022
Matchday 22,2022-01-15,15:00,Newcastle United FC,Watford FC,0,0,1,1,198,2022
Matchday 22,2022-01-15,17:30,Aston Villa FC,Manchester United FC,0,1,2,2,199,2022
Matchday 22,2022-01-16,14:00,West Ham United FC,Leeds United FC,1,2,2,3,200,2022
Matchday 22,2022-01-16,14:00,Liverpool FC,Brentford FC,1,0,3,0,201,2022
Matchday 24,2022-01-18,20:00,Brighton & Hove Albion FC,Chelsea FC,0,1,1,1,202,2022
Matchday 17,2022-01-19,19:30,Leicester City FC,Tottenham Hotspur FC,1,1,2,3,203,2022
Matchday 17,2022-01-19,20:00,Brentford FC,Manchester United FC,0,0,1,3,204,2022
Matchday 23,2022-01-21,20:00,Watford FC,Norwich City FC,0,0,0,3,205,2022
Matchday 23,2022-01-22,12:30,Everton FC,Aston Villa FC,0,1,0,1,206,2022
Matchday 23,2022-01-22,15:00,Manchester United FC,West Ham United FC,0,0,1,0,207,2022
Matchday 23,2022-01-22,15:00,Leeds United FC,Newcastle United FC,0,0,0,1,208,2022
Matchday 23,2022-01-22,15:00,Brentford FC,Wolverhampton Wanderers FC,0,0,1,2,209,2022
Matchday 23,2022-01-22,17:30,Southampton FC,Manchester City FC,1,0,1,1,210,2022
Matchday 23,2022-01-23,14:00,Leicester City FC,Brighton & Hove Albion FC,0,0,1,1,211,2022
Matchday 23,2022-01-23,14:00,Crystal Palace FC,Liverpool FC,0,2,1,3,212,2022
Matchday 23,2022-01-23,14:00,Arsenal FC,Burnley FC,NA,NA,0,0,213,2022
Matchday 23,2022-01-23,16:30,Chelsea FC,Tottenham Hotspur FC,0,0,2,0,214,2022
Matchday 17,2022-02-05,18:00,Burnley FC,Watford FC,NA,NA,0,0,215,2022
Matchday 24,2022-02-08,19:45,Newcastle United FC,Everton FC,1,1,3,1,216,2022
Matchday 24,2022-02-08,19:45,West Ham United FC,Watford FC,0,0,1,0,217,2022
Matchday 24,2022-02-08,20:00,Burnley FC,Manchester United FC,0,1,1,1,218,2022
Matchday 24,2022-02-09,19:45,Manchester City FC,Brentford FC,1,0,2,0,219,2022
Matchday 24,2022-02-09,19:45,Tottenham Hotspur FC,Southampton FC,1,1,2,3,220,2022
Matchday 24,2022-02-09,19:45,Norwich City FC,Crystal Palace FC,1,0,1,1,221,2022
Matchday 24,2022-02-09,20:00,Aston Villa FC,Leeds United FC,3,2,3,3,222,2022
Matchday 24,2022-02-10,19:45,Liverpool FC,Leicester City FC,1,0,2,0,223,2022
Matchday 24,2022-02-10,19:45,Wolverhampton Wanderers FC,Arsenal FC,0,1,0,1,224,2022
Matchday 25,2022-02-12,12:30,Manchester United FC,Southampton FC,1,0,1,1,225,2022
Matchday 25,2022-02-12,15:00,Watford FC,Brighton & Hove Albion FC,0,1,0,2,226,2022
Matchday 25,2022-02-12,15:00,Everton FC,Leeds United FC,2,0,3,0,227,2022
Matchday 25,2022-02-12,15:00,Brentford FC,Crystal Palace FC,NA,NA,0,0,228,2022
Matchday 25,2022-02-12,17:30,Norwich City FC,Manchester City FC,0,1,0,4,229,2022
Matchday 25,2022-02-13,14:00,Tottenham Hotspur FC,Wolverhampton Wanderers FC,0,2,0,2,230,2022
Matchday 25,2022-02-13,14:00,Newcastle United FC,Aston Villa FC,1,0,1,0,231,2022
Matchday 25,2022-02-13,14:00,Burnley FC,Liverpool FC,0,1,0,1,232,2022
Matchday 25,2022-02-13,16:30,Leicester City FC,West Ham United FC,1,1,2,2,233,2022
Matchday 18,2022-02-15,20:15,Manchester United FC,Brighton & Hove Albion FC,0,0,2,0,234,2022
Matchday 26,2022-02-19,12:30,West Ham United FC,Newcastle United FC,1,1,1,1,235,2022
Matchday 26,2022-02-19,15:00,Southampton FC,Everton FC,0,0,2,0,236,2022
Matchday 26,2022-02-19,15:00,Liverpool FC,Norwich City FC,0,0,3,1,237,2022
Matchday 26,2022-02-19,15:00,Crystal Palace FC,Chelsea FC,0,0,0,1,238,2022
Matchday 26,2022-02-19,15:00,Brighton & Hove Albion FC,Burnley FC,0,2,0,3,239,2022
Matchday 26,2022-02-19,15:00,Aston Villa FC,Watford FC,0,0,0,1,240,2022
Matchday 26,2022-02-19,15:00,Arsenal FC,Brentford FC,0,0,2,1,241,2022
Matchday 26,2022-02-19,17:30,Manchester City FC,Tottenham Hotspur FC,1,1,2,3,242,2022
Matchday 26,2022-02-20,14:00,Leeds United FC,Manchester United FC,0,2,2,4,243,2022
Matchday 26,2022-02-20,16:30,Wolverhampton Wanderers FC,Leicester City FC,1,1,2,1,244,2022
Matchday 18,2022-02-23,19:30,Watford FC,Crystal Palace FC,1,2,1,4,245,2022
Matchday 13,2022-02-23,19:30,Burnley FC,Tottenham Hotspur FC,0,0,1,0,246,2022
Matchday 19,2022-02-23,19:45,Liverpool FC,Leeds United FC,3,0,6,0,247,2022
Matchday 20,2022-02-24,19:45,Arsenal FC,Wolverhampton Wanderers FC,0,1,2,1,248,2022
Matchday 27,2022-02-25,20:00,Southampton FC,Norwich City FC,1,0,2,0,249,2022
Matchday 27,2022-02-26,12:30,Leeds United FC,Tottenham Hotspur FC,0,3,0,4,250,2022
Matchday 27,2022-02-26,15:00,Manchester United FC,Watford FC,NA,NA,0,0,251,2022
Matchday 27,2022-02-26,15:00,Crystal Palace FC,Burnley FC,1,0,1,1,252,2022
Matchday 27,2022-02-26,15:00,Brentford FC,Newcastle United FC,0,2,0,2,253,2022
Matchday 27,2022-02-26,15:30,Brighton & Hove Albion FC,Aston Villa FC,0,1,0,2,254,2022
Matchday 27,2022-02-26,17:30,Everton FC,Manchester City FC,0,0,0,1,255,2022
Matchday 27,2022-02-27,14:00,West Ham United FC,Wolverhampton Wanderers FC,0,0,1,0,256,2022
Matchday 22,2022-03-01,19:45,Burnley FC,Leicester City FC,0,0,0,2,257,2022
Matchday 28,2022-03-05,12:30,Leicester City FC,Leeds United FC,0,0,1,0,258,2022
Matchday 28,2022-03-05,15:00,Wolverhampton Wanderers FC,Crystal Palace FC,0,2,0,2,259,2022
Matchday 28,2022-03-05,15:00,Norwich City FC,Brentford FC,0,1,1,3,260,2022
Matchday 28,2022-03-05,15:00,Newcastle United FC,Brighton & Hove Albion FC,2,0,2,1,261,2022
Matchday 28,2022-03-05,15:00,Burnley FC,Chelsea FC,0,0,0,4,262,2022
Matchday 28,2022-03-05,15:00,Aston Villa FC,Southampton FC,2,0,4,0,263,2022
Matchday 28,2022-03-05,17:30,Liverpool FC,West Ham United FC,1,0,1,0,264,2022
Matchday 28,2022-03-06,14:00,Watford FC,Arsenal FC,1,2,2,3,265,2022
Matchday 28,2022-03-06,16:30,Manchester City FC,Manchester United FC,2,1,4,1,266,2022
Matchday 28,2022-03-07,20:00,Tottenham Hotspur FC,Everton FC,3,0,5,0,267,2022
Matchday 19,2022-03-10,19:30,Wolverhampton Wanderers FC,Watford FC,3,0,4,0,268,2022
Matchday 30,2022-03-10,19:30,Norwich City FC,Chelsea FC,0,2,1,3,269,2022
Matchday 21,2022-03-10,19:30,Southampton FC,Newcastle United FC,1,1,1,2,270,2022
Matchday 20,2022-03-10,19:45,Leeds United FC,Aston Villa FC,0,1,0,3,271,2022
Matchday 29,2022-03-12,12:30,Brighton & Hove Albion FC,Liverpool FC,0,1,0,2,272,2022
Matchday 29,2022-03-12,15:00,Brentford FC,Burnley FC,0,0,2,0,273,2022
Matchday 29,2022-03-12,17:30,Manchester United FC,Tottenham Hotspur FC,2,1,3,2,274,2022
Matchday 29,2022-03-13,14:00,West Ham United FC,Aston Villa FC,0,0,2,1,275,2022
Matchday 29,2022-03-13,14:00,Southampton FC,Watford FC,1,2,1,2,276,2022
Matchday 29,2022-03-13,14:00,Leeds United FC,Norwich City FC,1,0,2,1,277,2022
Matchday 29,2022-03-13,14:00,Everton FC,Wolverhampton Wanderers FC,0,0,0,1,278,2022
Matchday 29,2022-03-13,14:00,Chelsea FC,Newcastle United FC,0,0,1,0,279,2022
Matchday 29,2022-03-13,16:30,Arsenal FC,Leicester City FC,1,0,2,0,280,2022
Matchday 29,2022-03-14,20:00,Crystal Palace FC,Manchester City FC,NA,NA,0,0,281,2022
Matchday 16,2022-03-16,19:30,Brighton & Hove Albion FC,Tottenham Hotspur FC,0,1,0,2,282,2022
Matchday 27,2022-03-16,20:15,Arsenal FC,Liverpool FC,0,0,0,2,283,2022
Matchday 20,2022-03-17,19:45,Everton FC,Newcastle United FC,0,0,1,0,284,2022
Matchday 30,2022-03-18,20:00,Wolverhampton Wanderers FC,Leeds United FC,2,0,2,3,285,2022
Matchday 30,2022-03-19,12:30,Aston Villa FC,Arsenal FC,0,1,0,1,286,2022
Matchday 30,2022-03-20,14:00,Leicester City FC,Brentford FC,2,0,2,1,287,2022
Matchday 30,2022-03-20,16:30,Tottenham Hotspur FC,West Ham United FC,2,1,3,1,288,2022
Matchday 31,2022-04-02,12:30,Liverpool FC,Watford FC,1,0,2,0,289,2022
Matchday 31,2022-04-02,15:00,Brighton & Hove Albion FC,Norwich City FC,NA,NA,0,0,290,2022
Matchday 31,2022-04-02,15:00,Burnley FC,Manchester City FC,0,2,0,2,291,2022
Matchday 31,2022-04-02,15:00,Chelsea FC,Brentford FC,0,0,1,4,292,2022
Matchday 31,2022-04-02,15:00,Leeds United FC,Southampton FC,1,0,1,1,293,2022
Matchday 31,2022-04-02,15:00,Wolverhampton Wanderers FC,Aston Villa FC,2,0,2,1,294,2022
Matchday 31,2022-04-02,17:30,Manchester United FC,Leicester City FC,0,0,1,1,295,2022
Matchday 31,2022-04-03,14:00,West Ham United FC,Everton FC,1,0,2,1,296,2022
Matchday 31,2022-04-03,16:30,Tottenham Hotspur FC,Newcastle United FC,1,1,5,1,297,2022
Matchday 31,2022-04-04,20:00,Crystal Palace FC,Arsenal FC,2,0,3,0,298,2022
Matchday 19,2022-04-06,19:30,Burnley FC,Everton FC,1,2,3,2,299,2022
Matchday 32,2022-04-08,20:00,Newcastle United FC,Wolverhampton Wanderers FC,0,0,1,0,300,2022
Matchday 32,2022-04-09,12:30,Everton FC,Manchester United FC,1,0,1,0,301,2022
Matchday 32,2022-04-09,15:00,Arsenal FC,Brighton & Hove Albion FC,0,1,1,2,302,2022
Matchday 32,2022-04-09,15:00,Southampton FC,Chelsea FC,0,4,0,6,303,2022
Matchday 32,2022-04-09,15:00,Watford FC,Leeds United FC,0,1,0,3,304,2022
Matchday 32,2022-04-09,17:30,Aston Villa FC,Tottenham Hotspur FC,0,1,0,4,305,2022
Matchday 32,2022-04-10,14:00,Brentford FC,West Ham United FC,0,0,2,0,306,2022
Matchday 32,2022-04-10,14:00,Leicester City FC,Crystal Palace FC,2,0,2,1,307,2022
Matchday 32,2022-04-10,14:00,Norwich City FC,Burnley FC,1,0,2,0,308,2022
Matchday 32,2022-04-10,16:30,Manchester City FC,Liverpool FC,2,1,2,2,309,2022
Matchday 33,2022-04-16,12:30,Tottenham Hotspur FC,Brighton & Hove Albion FC,0,0,0,1,310,2022
Matchday 33,2022-04-16,15:00,Manchester United FC,Norwich City FC,2,1,3,2,311,2022
Matchday 33,2022-04-16,15:00,Southampton FC,Arsenal FC,1,0,1,0,312,2022
Matchday 33,2022-04-16,15:00,Watford FC,Brentford FC,0,1,1,2,313,2022
Matchday 33,2022-04-17,14:15,Newcastle United FC,Leicester City FC,1,1,2,1,314,2022
Matchday 33,2022-04-17,14:15,West Ham United FC,Burnley FC,0,1,1,1,315,2022
Matchday 30,2022-04-19,20:00,Liverpool FC,Manchester United FC,2,0,4,0,316,2022
Matchday 18,2022-04-20,19:45,Everton FC,Leicester City FC,0,1,1,1,317,2022
Matchday 30,2022-04-20,19:45,Newcastle United FC,Crystal Palace FC,1,0,1,0,318,2022
Matchday 25,2022-04-20,19:45,Chelsea FC,Arsenal FC,2,2,2,4,319,2022
Matchday 30,2022-04-20,20:00,Manchester City FC,Brighton & Hove Albion FC,0,0,3,0,320,2022
Matchday 30,2022-04-21,19:45,Burnley FC,Southampton FC,2,0,2,0,321,2022
Matchday 34,2022-04-23,12:30,Arsenal FC,Manchester United FC,2,1,3,1,322,2022
Matchday 34,2022-04-23,15:00,Leicester City FC,Aston Villa FC,NA,NA,0,0,323,2022
Matchday 34,2022-04-23,15:00,Manchester City FC,Watford FC,3,1,5,1,324,2022
Matchday 34,2022-04-23,15:00,Norwich City FC,Newcastle United FC,0,2,0,3,325,2022
Matchday 34,2022-04-23,17:30,Brentford FC,Tottenham Hotspur FC,NA,NA,0,0,326,2022
Matchday 34,2022-04-24,14:00,Brighton & Hove Albion FC,Southampton FC,2,1,2,2,327,2022
Matchday 34,2022-04-24,14:00,Burnley FC,Wolverhampton Wanderers FC,0,0,1,0,328,2022
Matchday 34,2022-04-24,14:00,Chelsea FC,West Ham United FC,0,0,1,0,329,2022
Matchday 34,2022-04-24,16:30,Liverpool FC,Everton FC,0,0,2,0,330,2022
Matchday 34,2022-04-25,20:00,Crystal Palace FC,Leeds United FC,NA,NA,0,0,331,2022
Matchday 37,2022-04-28,19:45,Manchester United FC,Chelsea FC,0,0,1,1,332,2022
Matchday 35,2022-04-30,12:30,Newcastle United FC,Liverpool FC,0,1,0,1,333,2022
Matchday 35,2022-04-30,15:00,Aston Villa FC,Norwich City FC,1,0,2,0,334,2022
Matchday 35,2022-04-30,15:00,Southampton FC,Crystal Palace FC,1,0,1,2,335,2022
Matchday 35,2022-04-30,15:00,Watford FC,Burnley FC,1,0,1,2,336,2022
Matchday 35,2022-04-30,15:00,Wolverhampton Wanderers FC,Brighton & Hove Albion FC,0,1,0,3,337,2022
Matchday 35,2022-04-30,17:30,Leeds United FC,Manchester City FC,0,1,0,4,338,2022
Matchday 35,2022-05-01,14:00,Everton FC,Chelsea FC,0,0,1,0,339,2022
Matchday 35,2022-05-01,14:00,Tottenham Hotspur FC,Leicester City FC,1,0,3,1,340,2022
Matchday 35,2022-05-01,16:30,West Ham United FC,Arsenal FC,1,1,1,2,341,2022
Matchday 35,2022-05-02,20:00,Manchester United FC,Brentford FC,1,0,3,0,342,2022
Matchday 36,2022-05-07,15:00,Brentford FC,Southampton FC,2,0,3,0,343,2022
Matchday 36,2022-05-07,15:00,Burnley FC,Aston Villa FC,0,2,1,3,344,2022
Matchday 36,2022-05-07,15:00,Chelsea FC,Wolverhampton Wanderers FC,0,0,2,2,345,2022
Matchday 36,2022-05-07,15:00,Crystal Palace FC,Watford FC,1,0,1,0,346,2022
Matchday 36,2022-05-07,17:30,Brighton & Hove Albion FC,Manchester United FC,1,0,4,0,347,2022
Matchday 36,2022-05-07,19:45,Liverpool FC,Tottenham Hotspur FC,0,0,1,1,348,2022
Matchday 36,2022-05-08,14:00,Arsenal FC,Leeds United FC,2,0,2,1,349,2022
Matchday 36,2022-05-08,14:00,Leicester City FC,Everton FC,1,2,1,2,350,2022
Matchday 36,2022-05-08,14:00,Norwich City FC,West Ham United FC,0,3,0,4,351,2022
Matchday 36,2022-05-08,16:30,Manchester City FC,Newcastle United FC,2,0,5,0,352,2022
Matchday 33,2022-05-10,20:00,Aston Villa FC,Liverpool FC,1,1,1,2,353,2022
Matchday 33,2022-05-11,19:30,Leeds United FC,Chelsea FC,0,1,0,3,354,2022
Matchday 30,2022-05-11,19:45,Watford FC,Everton FC,NA,NA,0,0,355,2022
Matchday 21,2022-05-11,19:45,Leicester City FC,Norwich City FC,0,0,3,0,356,2022
Matchday 33,2022-05-11,20:15,Wolverhampton Wanderers FC,Manchester City FC,1,3,1,5,357,2022
Matchday 22,2022-05-12,19:45,Tottenham Hotspur FC,Arsenal FC,2,0,3,0,358,2022
Matchday 37,2022-05-15,12:00,Tottenham Hotspur FC,Burnley FC,1,0,1,0,359,2022
Matchday 37,2022-05-15,14:00,Aston Villa FC,Crystal Palace FC,0,0,1,1,360,2022
Matchday 37,2022-05-15,14:00,Leeds United FC,Brighton & Hove Albion FC,0,1,1,1,361,2022
Matchday 37,2022-05-15,14:00,Watford FC,Leicester City FC,1,2,1,5,362,2022
Matchday 37,2022-05-15,14:00,West Ham United FC,Manchester City FC,2,0,2,2,363,2022
Matchday 37,2022-05-15,14:00,Wolverhampton Wanderers FC,Norwich City FC,0,1,1,1,364,2022
Matchday 37,2022-05-15,16:30,Everton FC,Brentford FC,2,1,2,3,365,2022
Matchday 37,2022-05-16,20:00,Newcastle United FC,Arsenal FC,0,0,2,0,366,2022
Matchday 37,2022-05-17,19:45,Southampton FC,Liverpool FC,1,1,1,2,367,2022
Matchday 33,2022-05-19,19:45,Everton FC,Crystal Palace FC,0,2,3,2,368,2022
Matchday 18,2022-05-19,20:00,Aston Villa FC,Burnley FC,0,1,1,1,369,2022
Matchday 27,2022-05-19,20:00,Chelsea FC,Leicester City FC,1,1,1,1,370,2022
Matchday 38,2022-05-22,16:00,Norwich City FC,Tottenham Hotspur FC,0,2,0,5,371,2022
Matchday 38,2022-05-22,16:00,Manchester City FC,Aston Villa FC,0,1,3,2,372,2022
Matchday 38,2022-05-22,16:00,Liverpool FC,Wolverhampton Wanderers FC,1,1,3,1,373,2022
Matchday 38,2022-05-22,16:00,Leicester City FC,Southampton FC,0,0,4,1,374,2022
Matchday 38,2022-05-22,16:00,Crystal Palace FC,Manchester United FC,1,0,1,0,375,2022
Matchday 38,2022-05-22,16:00,Chelsea FC,Watford FC,1,0,2,1,376,2022
Matchday 38,2022-05-22,16:00,Burnley FC,Newcastle United FC,0,1,1,2,377,2022
Matchday 38,2022-05-22,16:00,Brighton & Hove Albion FC,West Ham United FC,0,1,3,1,378,2022
Matchday 38,2022-05-22,16:00,Brentford FC,Leeds United FC,0,0,1,2,379,2022
Matchday 38,2022-05-22,16:00,Arsenal FC,Everton FC,2,1,5,1,380,2022
Matchday 1,2022-08-05,20:00,Crystal Palace FC,Arsenal FC,0,1,0,2,1,2023
Matchday 1,2022-08-06,12:30,Fulham FC,Liverpool FC,1,0,2,2,2,2023
Matchday 1,2022-08-06,15:00,Tottenham Hotspur FC,Southampton FC,2,1,4,1,3,2023
Matchday 1,2022-08-06,15:00,Newcastle United FC,Nottingham Forest FC,0,0,2,0,4,2023
Matchday 1,2022-08-06,15:00,Leeds United FC,Wolverhampton Wanderers FC,1,1,2,1,5,2023
Matchday 1,2022-08-06,15:00,AFC Bournemouth,Aston Villa FC,1,0,2,0,6,2023
Matchday 1,2022-08-06,17:30,Everton FC,Chelsea FC,0,1,0,1,7,2023
Matchday 1,2022-08-07,14:00,Manchester United FC,Brighton & Hove Albion FC,0,2,1,2,8,2023
Matchday 1,2022-08-07,14:00,Leicester City FC,Brentford FC,1,0,2,2,9,2023
Matchday 1,2022-08-07,16:30,West Ham United FC,Manchester City FC,0,1,0,2,10,2023
Matchday 2,2022-08-13,12:30,Aston Villa FC,Everton FC,1,0,2,1,11,2023
Matchday 2,2022-08-13,15:00,Wolverhampton Wanderers FC,Fulham FC,NA,NA,0,0,12,2023
Matchday 2,2022-08-13,15:00,Southampton FC,Leeds United FC,0,0,2,2,13,2023
Matchday 2,2022-08-13,15:00,Manchester City FC,AFC Bournemouth,3,0,4,0,14,2023
Matchday 2,2022-08-13,15:00,Brighton & Hove Albion FC,Newcastle United FC,NA,NA,0,0,15,2023
Matchday 2,2022-08-13,15:00,Arsenal FC,Leicester City FC,2,0,4,2,16,2023
Matchday 2,2022-08-13,17:30,Brentford FC,Manchester United FC,4,0,4,0,17,2023
Matchday 2,2022-08-14,14:00,Nottingham Forest FC,West Ham United FC,1,0,1,0,18,2023
Matchday 2,2022-08-14,16:30,Chelsea FC,Tottenham Hotspur FC,1,0,2,2,19,2023
Matchday 2,2022-08-15,20:00,Liverpool FC,Crystal Palace FC,0,1,1,1,20,2023
Matchday 3,2022-08-20,12:30,Tottenham Hotspur FC,Wolverhampton Wanderers FC,0,0,1,0,21,2023
Matchday 3,2022-08-20,15:00,Leicester City FC,Southampton FC,0,0,1,2,22,2023
Matchday 3,2022-08-20,15:00,Fulham FC,Brentford FC,2,1,3,2,23,2023
Matchday 3,2022-08-20,15:00,Everton FC,Nottingham Forest FC,0,0,1,1,24,2023
Matchday 3,2022-08-20,15:00,Crystal Palace FC,Aston Villa FC,1,1,3,1,25,2023
Matchday 3,2022-08-20,17:30,AFC Bournemouth,Arsenal FC,0,2,0,3,26,2023
Matchday 3,2022-08-21,14:00,West Ham United FC,Brighton & Hove Albion FC,0,1,0,2,27,2023
Matchday 3,2022-08-21,14:00,Leeds United FC,Chelsea FC,2,0,3,0,28,2023
Matchday 3,2022-08-21,16:30,Newcastle United FC,Manchester City FC,2,1,3,3,29,2023
Matchday 3,2022-08-22,20:00,Manchester United FC,Liverpool FC,1,0,2,1,30,2023
Matchday 4,2022-08-27,12:30,Southampton FC,Manchester United FC,0,0,0,1,31,2023
Matchday 4,2022-08-27,15:00,Manchester City FC,Crystal Palace FC,0,2,4,2,32,2023
Matchday 4,2022-08-27,15:00,Liverpool FC,AFC Bournemouth,5,0,9,0,33,2023
Matchday 4,2022-08-27,15:00,Chelsea FC,Leicester City FC,0,0,2,1,34,2023
Matchday 4,2022-08-27,15:00,Brighton & Hove Albion FC,Leeds United FC,0,0,1,0,35,2023
Matchday 4,2022-08-27,15:00,Brentford FC,Everton FC,0,1,1,1,36,2023
Matchday 4,2022-08-27,17:30,Arsenal FC,Fulham FC,0,0,2,1,37,2023
Matchday 4,2022-08-28,14:00,Wolverhampton Wanderers FC,Newcastle United FC,1,0,1,1,38,2023
Matchday 4,2022-08-28,14:00,Aston Villa FC,West Ham United FC,0,0,0,1,39,2023
Matchday 4,2022-08-28,16:30,Nottingham Forest FC,Tottenham Hotspur FC,0,1,0,2,40,2023
Matchday 5,2022-08-30,19:30,Crystal Palace FC,Brentford FC,0,0,1,1,41,2023
Matchday 5,2022-08-30,19:30,Fulham FC,Brighton & Hove Albion FC,0,0,2,1,42,2023
Matchday 5,2022-08-30,19:45,Southampton FC,Chelsea FC,2,1,2,1,43,2023
Matchday 5,2022-08-30,20:00,Leeds United FC,Everton FC,0,1,1,1,44,2023
Matchday 5,2022-08-31,19:30,Manchester City FC,Nottingham Forest FC,3,0,6,0,45,2023
Matchday 5,2022-08-31,19:30,AFC Bournemouth,Wolverhampton Wanderers FC,NA,NA,0,0,46,2023
Matchday 5,2022-08-31,19:30,Arsenal FC,Aston Villa FC,1,0,2,1,47,2023
Matchday 5,2022-08-31,19:45,West Ham United FC,Tottenham Hotspur FC,0,1,1,1,48,2023
Matchday 5,2022-08-31,20:00,Liverpool FC,Newcastle United FC,0,1,2,1,49,2023
Matchday 5,2022-09-01,20:00,Leicester City FC,Manchester United FC,0,1,0,1,50,2023
Matchday 6,2022-09-03,12:30,Everton FC,Liverpool FC,NA,NA,0,0,51,2023
Matchday 6,2022-09-03,15:00,Wolverhampton Wanderers FC,Southampton FC,1,0,1,0,52,2023
Matchday 6,2022-09-03,15:00,Tottenham Hotspur FC,Fulham FC,1,0,2,1,53,2023
Matchday 6,2022-09-03,15:00,Nottingham Forest FC,AFC Bournemouth,2,0,2,3,54,2023
Matchday 6,2022-09-03,15:00,Newcastle United FC,Crystal Palace FC,NA,NA,0,0,55,2023
Matchday 6,2022-09-03,15:00,Chelsea FC,West Ham United FC,0,0,2,1,56,2023
Matchday 6,2022-09-03,15:00,Brentford FC,Leeds United FC,2,1,5,2,57,2023
Matchday 6,2022-09-03,17:30,Aston Villa FC,Manchester City FC,0,0,1,1,58,2023
Matchday 6,2022-09-04,14:00,Brighton & Hove Albion FC,Leicester City FC,2,2,5,2,59,2023
Matchday 6,2022-09-04,16:30,Manchester United FC,Arsenal FC,1,0,3,1,60,2023
Matchday 8,2022-09-16,20:00,Nottingham Forest FC,Fulham FC,1,0,2,3,61,2023
Matchday 8,2022-09-16,20:00,Aston Villa FC,Southampton FC,1,0,1,0,62,2023
Matchday 8,2022-09-17,12:30,Wolverhampton Wanderers FC,Manchester City FC,0,2,0,3,63,2023
Matchday 8,2022-09-17,15:00,Newcastle United FC,AFC Bournemouth,0,0,1,1,64,2023
Matchday 8,2022-09-17,17:30,Tottenham Hotspur FC,Leicester City FC,2,2,6,2,65,2023
Matchday 8,2022-09-18,12:00,Brentford FC,Arsenal FC,0,2,0,3,66,2023
Matchday 8,2022-09-18,14:15,Everton FC,West Ham United FC,0,0,1,0,67,2023
Matchday 9,2022-10-01,12:30,Arsenal FC,Tottenham Hotspur FC,1,1,3,1,68,2023
Matchday 9,2022-10-01,15:00,Southampton FC,Everton FC,0,0,1,2,69,2023
Matchday 9,2022-10-01,15:00,Liverpool FC,Brighton & Hove Albion FC,1,2,3,3,70,2023
Matchday 9,2022-10-01,15:00,Fulham FC,Newcastle United FC,0,3,1,4,71,2023
Matchday 9,2022-10-01,15:00,Crystal Palace FC,Chelsea FC,1,1,1,2,72,2023
Matchday 9,2022-10-01,15:00,AFC Bournemouth,Brentford FC,NA,NA,0,0,73,2023
Matchday 9,2022-10-01,17:30,West Ham United FC,Wolverhampton Wanderers FC,1,0,2,0,74,2023
Matchday 9,2022-10-02,14:00,Manchester City FC,Manchester United FC,4,0,6,3,75,2023
Matchday 9,2022-10-02,16:30,Leeds United FC,Aston Villa FC,NA,NA,0,0,76,2023
Matchday 9,2022-10-03,20:00,Leicester City FC,Nottingham Forest FC,3,0,4,0,77,2023
Matchday 10,2022-10-08,15:00,Newcastle United FC,Brentford FC,2,0,5,1,78,2023
Matchday 10,2022-10-08,15:00,Manchester City FC,Southampton FC,2,0,4,0,79,2023
Matchday 10,2022-10-08,15:00,Chelsea FC,Wolverhampton Wanderers FC,1,0,3,0,80,2023
Matchday 10,2022-10-08,15:00,AFC Bournemouth,Leicester City FC,0,1,2,1,81,2023
Matchday 10,2022-10-08,17:30,Brighton & Hove Albion FC,Tottenham Hotspur FC,0,1,0,1,82,2023
Matchday 10,2022-10-09,14:00,West Ham United FC,Fulham FC,1,1,3,1,83,2023
Matchday 10,2022-10-09,14:00,Crystal Palace FC,Leeds United FC,1,1,2,1,84,2023
Matchday 10,2022-10-09,16:30,Arsenal FC,Liverpool FC,2,1,3,2,85,2023
Matchday 10,2022-10-09,19:00,Everton FC,Manchester United FC,1,2,1,2,86,2023
Matchday 10,2022-10-10,20:00,Nottingham Forest FC,Aston Villa FC,1,1,1,1,87,2023
Matchday 11,2022-10-14,20:00,Brentford FC,Brighton & Hove Albion FC,1,0,2,0,88,2023
Matchday 11,2022-10-15,12:30,Leicester City FC,Crystal Palace FC,NA,NA,0,0,89,2023
Matchday 11,2022-10-15,15:00,Wolverhampton Wanderers FC,Nottingham Forest FC,0,0,1,0,90,2023
Matchday 11,2022-10-15,15:00,Fulham FC,AFC Bournemouth,1,2,2,2,91,2023
Matchday 11,2022-10-15,17:30,Tottenham Hotspur FC,Everton FC,0,0,2,0,92,2023
Matchday 11,2022-10-16,14:00,Southampton FC,West Ham United FC,1,0,1,1,93,2023
Matchday 11,2022-10-16,14:00,Manchester United FC,Newcastle United FC,NA,NA,0,0,94,2023
Matchday 11,2022-10-16,14:00,Leeds United FC,Arsenal FC,0,1,0,1,95,2023
Matchday 11,2022-10-16,14:00,Aston Villa FC,Chelsea FC,0,1,0,2,96,2023
Matchday 11,2022-10-16,16:30,Liverpool FC,Manchester City FC,0,0,1,0,97,2023
Matchday 12,2022-10-18,19:30,Brighton & Hove Albion FC,Nottingham Forest FC,NA,NA,0,0,98,2023
Matchday 12,2022-10-18,20:15,Crystal Palace FC,Wolverhampton Wanderers FC,0,1,2,1,99,2023
Matchday 12,2022-10-19,19:30,Liverpool FC,West Ham United FC,1,0,1,0,100,2023
Matchday 12,2022-10-19,19:30,Newcastle United FC,Everton FC,1,0,1,0,101,2023
Matchday 12,2022-10-19,19:30,Brentford FC,Chelsea FC,NA,NA,0,0,102,2023
Matchday 12,2022-10-19,19:30,AFC Bournemouth,Southampton FC,0,1,0,1,103,2023
Matchday 12,2022-10-19,20:15,Manchester United FC,Tottenham Hotspur FC,0,0,2,0,104,2023
Matchday 12,2022-10-20,19:30,Fulham FC,Aston Villa FC,1,0,3,0,105,2023
Matchday 12,2022-10-20,20:15,Leicester City FC,Leeds United FC,2,0,2,0,106,2023
Matchday 13,2022-10-22,12:30,Nottingham Forest FC,Liverpool FC,0,0,1,0,107,2023
Matchday 13,2022-10-22,15:00,Manchester City FC,Brighton & Hove Albion FC,2,0,3,1,108,2023
Matchday 13,2022-10-22,15:00,Everton FC,Crystal Palace FC,1,0,3,0,109,2023
Matchday 13,2022-10-22,17:30,Chelsea FC,Manchester United FC,0,0,1,1,110,2023
Matchday 13,2022-10-23,14:00,Southampton FC,Arsenal FC,0,1,1,1,111,2023
Matchday 13,2022-10-23,14:00,Leeds United FC,Fulham FC,1,1,2,3,112,2023
Matchday 13,2022-10-23,14:00,Aston Villa FC,Brentford FC,3,0,4,0,113,2023
Matchday 13,2022-10-23,14:00,Wolverhampton Wanderers FC,Leicester City FC,0,2,0,4,114,2023
Matchday 13,2022-10-23,16:30,Tottenham Hotspur FC,Newcastle United FC,0,2,1,2,115,2023
Matchday 13,2022-10-24,20:00,West Ham United FC,AFC Bournemouth,1,0,2,0,116,2023
Matchday 14,2022-10-29,12:30,Leicester City FC,Manchester City FC,0,0,0,1,117,2023
Matchday 14,2022-10-29,15:00,Newcastle United FC,Aston Villa FC,1,0,4,0,118,2023
Matchday 14,2022-10-29,15:00,Crystal Palace FC,Southampton FC,1,0,1,0,119,2023
Matchday 14,2022-10-29,15:00,Brighton & Hove Albion FC,Chelsea FC,3,0,4,1,120,2023
Matchday 14,2022-10-29,15:00,Brentford FC,Wolverhampton Wanderers FC,0,0,1,1,121,2023
Matchday 14,2022-10-29,15:00,AFC Bournemouth,Tottenham Hotspur FC,1,0,2,3,122,2023
Matchday 14,2022-10-29,17:30,Fulham FC,Everton FC,NA,NA,0,0,123,2023
Matchday 14,2022-10-29,19:45,Liverpool FC,Leeds United FC,1,1,1,2,124,2023
Matchday 14,2022-10-30,14:00,Arsenal FC,Nottingham Forest FC,1,0,5,0,125,2023
Matchday 14,2022-10-30,16:15,Manchester United FC,West Ham United FC,1,0,1,0,126,2023
Matchday 15,2022-11-05,15:00,Wolverhampton Wanderers FC,Brighton & Hove Albion FC,2,2,2,3,127,2023
Matchday 15,2022-11-05,15:00,Nottingham Forest FC,Brentford FC,1,1,2,2,128,2023
Matchday 15,2022-11-05,15:00,Manchester City FC,Fulham FC,1,1,2,1,129,2023
Matchday 15,2022-11-05,15:00,Leeds United FC,AFC Bournemouth,1,2,4,3,130,2023
Matchday 15,2022-11-05,17:30,Everton FC,Leicester City FC,0,1,0,2,131,2023
Matchday 15,2022-11-06,12:00,Chelsea FC,Arsenal FC,0,0,0,1,132,2023
Matchday 15,2022-11-06,14:00,West Ham United FC,Crystal Palace FC,1,1,1,2,133,2023
Matchday 15,2022-11-06,14:00,Southampton FC,Newcastle United FC,0,1,1,4,134,2023
Matchday 15,2022-11-06,14:00,Aston Villa FC,Manchester United FC,2,1,3,1,135,2023
Matchday 15,2022-11-06,16:30,Tottenham Hotspur FC,Liverpool FC,0,2,1,2,136,2023
Matchday 16,2022-11-12,12:30,Manchester City FC,Brentford FC,1,1,1,2,137,2023
Matchday 16,2022-11-12,15:00,West Ham United FC,Leicester City FC,0,1,0,2,138,2023
Matchday 16,2022-11-12,15:00,Tottenham Hotspur FC,Leeds United FC,1,2,4,3,139,2023
Matchday 16,2022-11-12,15:00,Nottingham Forest FC,Crystal Palace FC,0,0,1,0,140,2023
Matchday 16,2022-11-12,15:00,Liverpool FC,Southampton FC,3,1,3,1,141,2023
Matchday 16,2022-11-12,15:00,AFC Bournemouth,Everton FC,2,0,3,0,142,2023
Matchday 16,2022-11-12,17:30,Newcastle United FC,Chelsea FC,0,0,1,0,143,2023
Matchday 16,2022-11-12,19:45,Wolverhampton Wanderers FC,Arsenal FC,0,0,0,2,144,2023
Matchday 16,2022-11-13,14:00,Brighton & Hove Albion FC,Aston Villa FC,1,1,1,2,145,2023
Matchday 16,2022-11-13,16:30,Fulham FC,Manchester United FC,0,1,1,2,146,2023
Matchday 17,2022-12-26,12:30,Brentford FC,Tottenham Hotspur FC,1,0,2,2,147,2023
Matchday 17,2022-12-26,15:00,Southampton FC,Brighton & Hove Albion FC,0,2,1,3,148,2023
Matchday 17,2022-12-26,15:00,Leicester City FC,Newcastle United FC,0,3,0,3,149,2023
Matchday 17,2022-12-26,15:00,Everton FC,Wolverhampton Wanderers FC,1,1,1,2,150,2023
Matchday 17,2022-12-26,15:00,Crystal Palace FC,Fulham FC,0,1,0,3,151,2023
Matchday 17,2022-12-26,17:30,Aston Villa FC,Liverpool FC,0,2,1,3,152,2023
Matchday 17,2022-12-26,20:00,Arsenal FC,West Ham United FC,0,1,3,1,153,2023
Matchday 17,2022-12-27,17:30,Chelsea FC,AFC Bournemouth,2,0,2,0,154,2023
Matchday 17,2022-12-27,20:00,Manchester United FC,Nottingham Forest FC,2,0,3,0,155,2023
Matchday 17,2022-12-28,20:00,Leeds United FC,Manchester City FC,0,1,1,3,156,2023
Matchday 18,2022-12-30,19:45,West Ham United FC,Brentford FC,0,2,0,2,157,2023
Matchday 18,2022-12-30,20:00,Liverpool FC,Leicester City FC,2,1,2,1,158,2023
Matchday 18,2022-12-31,12:30,Wolverhampton Wanderers FC,Manchester United FC,0,0,0,1,159,2023
Matchday 18,2022-12-31,15:00,Newcastle United FC,Leeds United FC,NA,NA,0,0,160,2023
Matchday 18,2022-12-31,15:00,Manchester City FC,Everton FC,1,0,1,1,161,2023
Matchday 18,2022-12-31,15:00,Fulham FC,Southampton FC,1,0,2,1,162,2023
Matchday 18,2022-12-31,15:00,AFC Bournemouth,Crystal Palace FC,0,2,0,2,163,2023
Matchday 18,2022-12-31,17:30,Brighton & Hove Albion FC,Arsenal FC,0,2,2,4,164,2023
Matchday 18,2023-01-01,14:00,Tottenham Hotspur FC,Aston Villa FC,0,0,0,2,165,2023
Matchday 18,2023-01-01,16:30,Nottingham Forest FC,Chelsea FC,0,1,1,1,166,2023
Matchday 19,2023-01-02,17:30,Brentford FC,Liverpool FC,2,0,3,1,167,2023
Matchday 19,2023-01-03,19:45,Leicester City FC,Fulham FC,0,1,0,1,168,2023
Matchday 19,2023-01-03,19:45,Everton FC,Brighton & Hove Albion FC,0,1,1,4,169,2023
Matchday 19,2023-01-03,19:45,Arsenal FC,Newcastle United FC,NA,NA,0,0,170,2023
Matchday 19,2023-01-03,20:00,Manchester United FC,AFC Bournemouth,1,0,3,0,171,2023
Matchday 19,2023-01-04,19:30,Southampton FC,Nottingham Forest FC,0,1,0,1,172,2023
Matchday 19,2023-01-04,19:45,Leeds United FC,West Ham United FC,1,1,2,2,173,2023
Matchday 19,2023-01-04,20:00,Crystal Palace FC,Tottenham Hotspur FC,0,0,0,4,174,2023
Matchday 19,2023-01-04,20:00,Aston Villa FC,Wolverhampton Wanderers FC,0,1,1,1,175,2023
Matchday 19,2023-01-05,20:00,Chelsea FC,Manchester City FC,0,0,0,1,176,2023
Matchday 7,2023-01-12,20:00,Fulham FC,Chelsea FC,1,0,2,1,177,2023
Matchday 20,2023-01-13,20:00,Aston Villa FC,Leeds United FC,1,0,2,1,178,2023
Matchday 20,2023-01-14,12:30,Manchester United FC,Manchester City FC,0,0,2,1,179,2023
Matchday 20,2023-01-14,15:00,Wolverhampton Wanderers FC,West Ham United FC,0,0,1,0,180,2023
Matchday 20,2023-01-14,15:00,Nottingham Forest FC,Leicester City FC,0,0,2,0,181,2023
Matchday 20,2023-01-14,15:00,Everton FC,Southampton FC,1,0,1,2,182,2023
Matchday 20,2023-01-14,15:00,Brighton & Hove Albion FC,Liverpool FC,0,0,3,0,183,2023
Matchday 20,2023-01-14,17:30,Brentford FC,AFC Bournemouth,1,0,2,0,184,2023
Matchday 20,2023-01-15,14:00,Newcastle United FC,Fulham FC,0,0,1,0,185,2023
Matchday 20,2023-01-15,14:00,Chelsea FC,Crystal Palace FC,0,0,1,0,186,2023
Matchday 20,2023-01-15,16:30,Tottenham Hotspur FC,Arsenal FC,0,2,0,2,187,2023
Matchday 7,2023-01-18,20:00,Crystal Palace FC,Manchester United FC,0,1,1,1,188,2023
Matchday 7,2023-01-19,20:00,Manchester City FC,Tottenham Hotspur FC,0,2,4,2,189,2023
Matchday 21,2023-01-21,12:30,Liverpool FC,Chelsea FC,NA,NA,0,0,190,2023
Matchday 21,2023-01-21,15:00,West Ham United FC,Everton FC,2,0,2,0,191,2023
Matchday 21,2023-01-21,15:00,Southampton FC,Aston Villa FC,0,0,0,1,192,2023
Matchday 21,2023-01-21,15:00,Leicester City FC,Brighton & Hove Albion FC,1,1,2,2,193,2023
Matchday 21,2023-01-21,15:00,AFC Bournemouth,Nottingham Forest FC,1,0,1,1,194,2023
Matchday 21,2023-01-21,17:30,Crystal Palace FC,Newcastle United FC,NA,NA,0,0,195,2023
Matchday 21,2023-01-22,14:00,Manchester City FC,Wolverhampton Wanderers FC,1,0,3,0,196,2023
Matchday 21,2023-01-22,14:00,Leeds United FC,Brentford FC,NA,NA,0,0,197,2023
Matchday 21,2023-01-22,16:30,Arsenal FC,Manchester United FC,1,1,3,2,198,2023
Matchday 21,2023-01-23,20:15,Fulham FC,Tottenham Hotspur FC,0,1,0,1,199,2023
Matchday 22,2023-02-03,20:00,Chelsea FC,Fulham FC,NA,NA,0,0,200,2023
Matchday 22,2023-02-04,12:30,Everton FC,Arsenal FC,0,0,1,0,201,2023
Matchday 22,2023-02-04,15:00,Wolverhampton Wanderers FC,Liverpool FC,2,0,3,0,202,2023
Matchday 22,2023-02-04,15:00,Manchester United FC,Crystal Palace FC,1,0,2,1,203,2023
Matchday 22,2023-02-04,15:00,Brighton & Hove Albion FC,AFC Bournemouth,0,0,1,0,204,2023
Matchday 22,2023-02-04,15:00,Brentford FC,Southampton FC,2,0,3,0,205,2023
Matchday 22,2023-02-04,15:00,Aston Villa FC,Leicester City FC,2,3,2,4,206,2023
Matchday 22,2023-02-04,17:30,Newcastle United FC,West Ham United FC,1,1,1,1,207,2023
Matchday 22,2023-02-05,14:00,Nottingham Forest FC,Leeds United FC,1,0,1,0,208,2023
Matchday 22,2023-02-05,16:30,Tottenham Hotspur FC,Manchester City FC,1,0,1,0,209,2023
Matchday 8,2023-02-08,20:00,Manchester United FC,Leeds United FC,0,1,2,2,210,2023
Matchday 23,2023-02-11,12:30,West Ham United FC,Chelsea FC,1,1,1,1,211,2023
Matchday 23,2023-02-11,15:00,Southampton FC,Wolverhampton Wanderers FC,1,0,1,2,212,2023
Matchday 23,2023-02-11,15:00,Leicester City FC,Tottenham Hotspur FC,3,1,4,1,213,2023
Matchday 23,2023-02-11,15:00,Fulham FC,Nottingham Forest FC,1,0,2,0,214,2023
Matchday 23,2023-02-11,15:00,Crystal Palace FC,Brighton & Hove Albion FC,0,0,1,1,215,2023
Matchday 23,2023-02-11,15:00,Arsenal FC,Brentford FC,0,0,1,1,216,2023
Matchday 23,2023-02-11,17:30,AFC Bournemouth,Newcastle United FC,1,1,1,1,217,2023
Matchday 23,2023-02-12,14:00,Leeds United FC,Manchester United FC,0,0,0,2,218,2023
Matchday 23,2023-02-12,16:30,Manchester City FC,Aston Villa FC,3,0,3,1,219,2023
Matchday 23,2023-02-13,20:00,Liverpool FC,Everton FC,1,0,2,0,220,2023
Matchday 12,2023-02-15,19:30,Arsenal FC,Manchester City FC,1,1,1,3,221,2023
Matchday 24,2023-02-18,12:30,Aston Villa FC,Arsenal FC,2,1,2,4,222,2023
Matchday 24,2023-02-18,15:00,Wolverhampton Wanderers FC,AFC Bournemouth,0,0,0,1,223,2023
Matchday 24,2023-02-18,15:00,Nottingham Forest FC,Manchester City FC,0,1,1,1,224,2023
Matchday 24,2023-02-18,15:00,Everton FC,Leeds United FC,0,0,1,0,225,2023
Matchday 24,2023-02-18,15:00,Chelsea FC,Southampton FC,0,1,0,1,226,2023
Matchday 24,2023-02-18,15:00,Brighton & Hove Albion FC,Fulham FC,0,0,0,1,227,2023
Matchday 24,2023-02-18,15:00,Brentford FC,Crystal Palace FC,0,0,1,1,228,2023
Matchday 24,2023-02-18,17:30,Newcastle United FC,Liverpool FC,0,2,0,2,229,2023
Matchday 24,2023-02-19,14:00,Manchester United FC,Leicester City FC,1,0,3,0,230,2023
Matchday 24,2023-02-19,16:30,Tottenham Hotspur FC,West Ham United FC,0,0,2,0,231,2023
Matchday 25,2023-02-24,20:00,Fulham FC,Wolverhampton Wanderers FC,0,1,1,1,232,2023
Matchday 25,2023-02-25,15:00,West Ham United FC,Nottingham Forest FC,0,0,4,0,233,2023
Matchday 25,2023-02-25,15:00,Leicester City FC,Arsenal FC,0,0,0,1,234,2023
Matchday 25,2023-02-25,15:00,Leeds United FC,Southampton FC,0,0,1,0,235,2023
Matchday 25,2023-02-25,15:00,Everton FC,Aston Villa FC,0,0,0,2,236,2023
Matchday 25,2023-02-25,17:30,AFC Bournemouth,Manchester City FC,0,3,1,4,237,2023
Matchday 25,2023-02-25,19:45,Crystal Palace FC,Liverpool FC,NA,NA,0,0,238,2023
Matchday 25,2023-02-26,13:30,Tottenham Hotspur FC,Chelsea FC,0,0,2,0,239,2023
Matchday 7,2023-03-01,19:45,Arsenal FC,Everton FC,2,0,4,0,240,2023
Matchday 7,2023-03-01,20:00,Liverpool FC,Wolverhampton Wanderers FC,0,0,2,0,241,2023
Matchday 26,2023-03-04,12:30,Manchester City FC,Newcastle United FC,1,0,2,0,242,2023
Matchday 26,2023-03-04,15:00,Wolverhampton Wanderers FC,Tottenham Hotspur FC,0,0,1,0,243,2023
Matchday 26,2023-03-04,15:00,Chelsea FC,Leeds United FC,0,0,1,0,244,2023
Matchday 26,2023-03-04,15:00,Brighton & Hove Albion FC,West Ham United FC,1,0,4,0,245,2023
Matchday 26,2023-03-04,15:00,Aston Villa FC,Crystal Palace FC,1,0,1,0,246,2023
Matchday 26,2023-03-04,15:00,Arsenal FC,AFC Bournemouth,0,1,3,2,247,2023
Matchday 26,2023-03-04,17:30,Southampton FC,Leicester City FC,1,0,1,0,248,2023
Matchday 26,2023-03-05,14:00,Nottingham Forest FC,Everton FC,1,2,2,2,249,2023
Matchday 26,2023-03-05,16:30,Liverpool FC,Manchester United FC,1,0,7,0,250,2023
Matchday 26,2023-03-06,20:00,Brentford FC,Fulham FC,1,1,3,2,251,2023
Matchday 27,2023-03-11,12:30,AFC Bournemouth,Liverpool FC,1,0,1,0,252,2023
Matchday 27,2023-03-11,15:00,Tottenham Hotspur FC,Nottingham Forest FC,2,0,3,1,253,2023
Matchday 27,2023-03-11,15:00,Leicester City FC,Chelsea FC,1,2,1,3,254,2023
Matchday 27,2023-03-11,15:00,Leeds United FC,Brighton & Hove Albion FC,1,1,2,2,255,2023
Matchday 27,2023-03-11,15:00,Everton FC,Brentford FC,1,0,1,0,256,2023
Matchday 27,2023-03-11,17:30,Crystal Palace FC,Manchester City FC,0,0,0,1,257,2023
Matchday 27,2023-03-12,14:00,West Ham United FC,Aston Villa FC,1,1,1,1,258,2023
Matchday 27,2023-03-12,14:00,Manchester United FC,Southampton FC,NA,NA,0,0,259,2023
Matchday 27,2023-03-12,14:00,Fulham FC,Arsenal FC,0,3,0,3,260,2023
Matchday 27,2023-03-12,16:30,Newcastle United FC,Wolverhampton Wanderers FC,1,0,2,1,261,2023
Matchday 8,2023-03-15,19:30,Brighton & Hove Albion FC,Crystal Palace FC,1,0,1,0,262,2023
Matchday 7,2023-03-15,19:30,Southampton FC,Brentford FC,0,1,0,2,263,2023
Matchday 28,2023-03-17,20:00,Nottingham Forest FC,Newcastle United FC,1,1,1,2,264,2023
Matchday 28,2023-03-18,15:00,Wolverhampton Wanderers FC,Leeds United FC,0,1,2,4,265,2023
Matchday 28,2023-03-18,15:00,Southampton FC,Tottenham Hotspur FC,0,1,3,3,266,2023
Matchday 28,2023-03-18,15:00,Brentford FC,Leicester City FC,1,0,1,1,267,2023
Matchday 28,2023-03-18,15:00,Aston Villa FC,AFC Bournemouth,1,0,3,0,268,2023
Matchday 28,2023-03-18,17:30,Chelsea FC,Everton FC,0,0,2,2,269,2023
Matchday 28,2023-03-19,14:00,Arsenal FC,Crystal Palace FC,2,0,4,1,270,2023
Matchday 29,2023-04-01,12:30,Manchester City FC,Liverpool FC,1,1,4,1,271,2023
Matchday 29,2023-04-01,15:00,Nottingham Forest FC,Wolverhampton Wanderers FC,1,0,1,1,272,2023
Matchday 29,2023-04-01,15:00,Crystal Palace FC,Leicester City FC,0,0,2,1,273,2023
Matchday 29,2023-04-01,15:00,Brighton & Hove Albion FC,Brentford FC,2,2,3,3,274,2023
Matchday 29,2023-04-01,15:00,AFC Bournemouth,Fulham FC,0,1,2,1,275,2023
Matchday 29,2023-04-01,15:00,Arsenal FC,Leeds United FC,1,0,4,1,276,2023
Matchday 29,2023-04-01,17:30,Chelsea FC,Aston Villa FC,0,1,0,2,277,2023
Matchday 29,2023-04-02,14:00,West Ham United FC,Southampton FC,1,0,1,0,278,2023
Matchday 29,2023-04-02,16:30,Newcastle United FC,Manchester United FC,0,0,2,0,279,2023
Matchday 29,2023-04-03,20:00,Everton FC,Tottenham Hotspur FC,0,0,1,1,280,2023
Matchday 7,2023-04-04,19:45,Leicester City FC,Aston Villa FC,1,1,1,2,281,2023
Matchday 7,2023-04-04,19:45,Leeds United FC,Nottingham Forest FC,2,1,2,1,282,2023
Matchday 7,2023-04-04,19:45,AFC Bournemouth,Brighton & Hove Albion FC,0,1,0,2,283,2023
Matchday 8,2023-04-04,20:00,Chelsea FC,Liverpool FC,NA,NA,0,0,284,2023
Matchday 7,2023-04-05,20:00,West Ham United FC,Newcastle United FC,1,2,1,5,285,2023
Matchday 25,2023-04-05,20:00,Manchester United FC,Brentford FC,1,0,1,0,286,2023
Matchday 30,2023-04-08,12:30,Manchester United FC,Everton FC,1,0,2,0,287,2023
Matchday 30,2023-04-08,15:00,Wolverhampton Wanderers FC,Chelsea FC,1,0,1,0,288,2023
Matchday 30,2023-04-08,15:00,Tottenham Hotspur FC,Brighton & Hove Albion FC,1,1,2,1,289,2023
Matchday 30,2023-04-08,15:00,Leicester City FC,AFC Bournemouth,0,1,0,1,290,2023
Matchday 30,2023-04-08,15:00,Fulham FC,West Ham United FC,0,1,0,1,291,2023
Matchday 30,2023-04-08,15:00,Brentford FC,Newcastle United FC,1,0,1,2,292,2023
Matchday 30,2023-04-08,15:00,Aston Villa FC,Nottingham Forest FC,0,0,2,0,293,2023
Matchday 30,2023-04-08,17:30,Southampton FC,Manchester City FC,0,1,1,4,294,2023
Matchday 30,2023-04-09,14:00,Leeds United FC,Crystal Palace FC,1,1,1,5,295,2023
Matchday 30,2023-04-09,16:30,Liverpool FC,Arsenal FC,1,2,2,2,296,2023
Matchday 31,2023-04-15,12:30,Aston Villa FC,Newcastle United FC,1,0,3,0,297,2023
Matchday 31,2023-04-15,15:00,Wolverhampton Wanderers FC,Brentford FC,1,0,2,0,298,2023
Matchday 31,2023-04-15,15:00,Southampton FC,Crystal Palace FC,0,0,0,2,299,2023
Matchday 31,2023-04-15,15:00,Everton FC,Fulham FC,1,1,1,3,300,2023
Matchday 31,2023-04-15,15:00,Chelsea FC,Brighton & Hove Albion FC,1,1,1,2,301,2023
Matchday 31,2023-04-15,15:15,Tottenham Hotspur FC,AFC Bournemouth,1,1,2,3,302,2023
Matchday 31,2023-04-15,17:30,Manchester City FC,Leicester City FC,3,0,3,1,303,2023
Matchday 31,2023-04-16,14:00,West Ham United FC,Arsenal FC,1,2,2,2,304,2023
Matchday 31,2023-04-16,16:30,Nottingham Forest FC,Manchester United FC,0,1,0,2,305,2023
Matchday 31,2023-04-17,20:00,Leeds United FC,Liverpool FC,0,2,1,6,306,2023
Matchday 32,2023-04-21,20:00,Arsenal FC,Southampton FC,1,2,3,3,307,2023
Matchday 32,2023-04-22,12:30,Fulham FC,Leeds United FC,0,0,2,1,308,2023
Matchday 32,2023-04-22,15:00,Liverpool FC,Nottingham Forest FC,0,0,3,2,309,2023
Matchday 32,2023-04-22,15:00,Leicester City FC,Wolverhampton Wanderers FC,1,1,2,1,310,2023
Matchday 32,2023-04-22,15:00,Crystal Palace FC,Everton FC,NA,NA,0,0,311,2023
Matchday 32,2023-04-22,15:00,Brentford FC,Aston Villa FC,0,0,1,1,312,2023
Matchday 32,2023-04-23,14:00,Newcastle United FC,Tottenham Hotspur FC,5,0,6,1,313,2023
Matchday 32,2023-04-23,14:00,AFC Bournemouth,West Ham United FC,0,3,0,4,314,2023
Matchday 33,2023-04-25,19:30,Wolverhampton Wanderers FC,Crystal Palace FC,1,0,2,0,315,2023
Matchday 33,2023-04-25,19:45,Aston Villa FC,Fulham FC,1,0,1,0,316,2023
Matchday 33,2023-04-25,20:00,Leeds United FC,Leicester City FC,1,0,1,1,317,2023
Matchday 33,2023-04-26,19:30,Nottingham Forest FC,Brighton & Hove Albion FC,1,1,3,1,318,2023
Matchday 33,2023-04-26,19:45,Chelsea FC,Brentford FC,0,1,0,2,319,2023
Matchday 33,2023-04-26,19:45,West Ham United FC,Liverpool FC,1,1,1,2,320,2023
Matchday 33,2023-04-26,20:00,Manchester City FC,Arsenal FC,2,0,4,1,321,2023
Matchday 33,2023-04-27,19:45,Southampton FC,AFC Bournemouth,0,0,0,1,322,2023
Matchday 33,2023-04-27,19:45,Everton FC,Newcastle United FC,0,1,1,4,323,2023
Matchday 33,2023-04-27,20:15,Tottenham Hotspur FC,Manchester United FC,0,2,2,2,324,2023
Matchday 34,2023-04-29,12:45,Crystal Palace FC,West Ham United FC,3,2,4,3,325,2023
Matchday 34,2023-04-29,15:00,Brighton & Hove Albion FC,Wolverhampton Wanderers FC,4,0,6,0,326,2023
Matchday 34,2023-04-29,15:00,Brentford FC,Nottingham Forest FC,0,1,2,1,327,2023
Matchday 34,2023-04-30,14:00,Newcastle United FC,Southampton FC,0,1,3,1,328,2023
Matchday 34,2023-04-30,14:00,Manchester United FC,Aston Villa FC,1,0,1,0,329,2023
Matchday 34,2023-04-30,14:00,Fulham FC,Manchester City FC,1,2,1,2,330,2023
Matchday 34,2023-04-30,14:00,AFC Bournemouth,Leeds United FC,2,1,4,1,331,2023
Matchday 34,2023-04-30,16:30,Liverpool FC,Tottenham Hotspur FC,3,1,4,3,332,2023
Matchday 34,2023-05-01,20:00,Leicester City FC,Everton FC,2,1,2,2,333,2023
Matchday 34,2023-05-02,20:00,Arsenal FC,Chelsea FC,3,0,3,1,334,2023
Matchday 28,2023-05-03,20:00,Manchester City FC,West Ham United FC,0,0,3,0,335,2023
Matchday 28,2023-05-03,20:00,Liverpool FC,Fulham FC,1,0,1,0,336,2023
Matchday 28,2023-05-04,20:00,Brighton & Hove Albion FC,Manchester United FC,0,0,1,0,337,2023
Matchday 35,2023-05-06,15:00,Wolverhampton Wanderers FC,Aston Villa FC,1,0,1,0,338,2023
Matchday 35,2023-05-06,15:00,Tottenham Hotspur FC,Crystal Palace FC,1,0,1,0,339,2023
Matchday 35,2023-05-06,15:00,Manchester City FC,Leeds United FC,2,0,2,1,340,2023
Matchday 35,2023-05-06,15:00,AFC Bournemouth,Chelsea FC,1,1,1,3,341,2023
Matchday 35,2023-05-06,17:30,Liverpool FC,Brentford FC,1,0,1,0,342,2023
Matchday 35,2023-05-07,16:30,Newcastle United FC,Arsenal FC,0,1,0,2,343,2023
Matchday 35,2023-05-07,19:00,West Ham United FC,Manchester United FC,1,0,1,0,344,2023
Matchday 35,2023-05-08,15:00,Fulham FC,Leicester City FC,3,0,5,3,345,2023
Matchday 35,2023-05-08,17:30,Brighton & Hove Albion FC,Everton FC,0,3,1,5,346,2023
Matchday 35,2023-05-08,20:00,Nottingham Forest FC,Southampton FC,3,1,4,3,347,2023
Matchday 36,2023-05-13,12:30,Leeds United FC,Newcastle United FC,1,1,2,2,348,2023
Matchday 36,2023-05-13,15:00,Southampton FC,Fulham FC,0,0,0,2,349,2023
Matchday 36,2023-05-13,15:00,Manchester United FC,Wolverhampton Wanderers FC,1,0,2,0,350,2023
Matchday 36,2023-05-13,15:00,Crystal Palace FC,AFC Bournemouth,1,0,2,0,351,2023
Matchday 36,2023-05-13,15:00,Chelsea FC,Nottingham Forest FC,0,1,2,2,352,2023
Matchday 36,2023-05-13,15:00,Aston Villa FC,Tottenham Hotspur FC,1,0,2,1,353,2023
Matchday 36,2023-05-14,14:00,Everton FC,Manchester City FC,0,2,0,3,354,2023
Matchday 36,2023-05-14,14:00,Brentford FC,West Ham United FC,2,0,2,0,355,2023
Matchday 36,2023-05-14,16:30,Arsenal FC,Brighton & Hove Albion FC,0,0,0,3,356,2023
Matchday 36,2023-05-15,20:00,Leicester City FC,Liverpool FC,0,2,0,3,357,2023
Matchday 25,2023-05-18,19:30,Newcastle United FC,Brighton & Hove Albion FC,2,0,4,1,358,2023
Matchday 37,2023-05-20,12:30,Tottenham Hotspur FC,Brentford FC,1,0,1,3,359,2023
Matchday 37,2023-05-20,15:00,Wolverhampton Wanderers FC,Everton FC,1,0,1,1,360,2023
Matchday 37,2023-05-20,15:00,Liverpool FC,Aston Villa FC,0,1,1,1,361,2023
Matchday 37,2023-05-20,15:00,Fulham FC,Crystal Palace FC,1,1,2,2,362,2023
Matchday 37,2023-05-20,15:00,AFC Bournemouth,Manchester United FC,0,1,0,1,363,2023
Matchday 37,2023-05-20,17:30,Nottingham Forest FC,Arsenal FC,1,0,1,0,364,2023
Matchday 37,2023-05-21,13:30,West Ham United FC,Leeds United FC,1,1,3,1,365,2023
Matchday 37,2023-05-21,14:00,Brighton & Hove Albion FC,Southampton FC,2,0,3,1,366,2023
Matchday 37,2023-05-21,16:00,Manchester City FC,Chelsea FC,1,0,1,0,367,2023
Matchday 37,2023-05-22,20:00,Newcastle United FC,Leicester City FC,NA,NA,0,0,368,2023
Matchday 32,2023-05-24,20:00,Brighton & Hove Albion FC,Manchester City FC,1,1,1,1,369,2023
Matchday 32,2023-05-25,20:00,Manchester United FC,Chelsea FC,2,0,4,1,370,2023
Matchday 38,2023-05-28,16:30,Southampton FC,Liverpool FC,2,2,4,4,371,2023
Matchday 38,2023-05-28,16:30,Manchester United FC,Fulham FC,1,1,2,1,372,2023
Matchday 38,2023-05-28,16:30,Leicester City FC,West Ham United FC,1,0,2,1,373,2023
Matchday 38,2023-05-28,16:30,Leeds United FC,Tottenham Hotspur FC,0,1,1,4,374,2023
Matchday 38,2023-05-28,16:30,Everton FC,AFC Bournemouth,0,0,1,0,375,2023
Matchday 38,2023-05-28,16:30,Crystal Palace FC,Nottingham Forest FC,0,1,1,1,376,2023
Matchday 38,2023-05-28,16:30,Chelsea FC,Newcastle United FC,1,1,1,1,377,2023
Matchday 38,2023-05-28,16:30,Brentford FC,Manchester City FC,0,0,1,0,378,2023
Matchday 38,2023-05-28,16:30,Aston Villa FC,Brighton & Hove Albion FC,2,1,2,1,379,2023
Matchday 38,2023-05-28,16:30,Arsenal FC,Wolverhampton Wanderers FC,3,0,5,0,380,2023
Matchday 1,2023-08-11,20:00,Burnley FC,Manchester City FC,0,2,0,3,1,2024
Matchday 1,2023-08-12,13:00,Arsenal FC,Nottingham Forest FC,2,0,2,1,2,2024
Matchday 1,2023-08-12,15:00,AFC Bournemouth,West Ham United FC,0,0,1,1,3,2024
Matchday 1,2023-08-12,15:00,Brighton & Hove Albion FC,Luton Town FC,1,0,4,1,4,2024
Matchday 1,2023-08-12,15:00,Everton FC,Fulham FC,0,0,0,1,5,2024
Matchday 1,2023-08-12,15:00,Sheffield United FC,Crystal Palace FC,0,0,0,1,6,2024
Matchday 1,2023-08-12,17:30,Newcastle United FC,Aston Villa FC,2,1,5,1,7,2024
Matchday 1,2023-08-13,14:00,Brentford FC,Tottenham Hotspur FC,2,2,2,2,8,2024
Matchday 1,2023-08-13,16:30,Chelsea FC,Liverpool FC,1,1,1,1,9,2024
Matchday 1,2023-08-14,20:00,Manchester United FC,Wolverhampton Wanderers FC,0,0,1,0,10,2024
Matchday 2,2023-08-18,19:45,Nottingham Forest FC,Sheffield United FC,1,0,2,1,11,2024
Matchday 2,2023-08-19,15:00,Fulham FC,Brentford FC,0,1,0,3,12,2024
Matchday 2,2023-08-19,15:00,Liverpool FC,AFC Bournemouth,2,1,3,1,13,2024
Matchday 2,2023-08-19,15:00,Wolverhampton Wanderers FC,Brighton & Hove Albion FC,0,1,1,4,14,2024
Matchday 2,2023-08-19,17:30,Tottenham Hotspur FC,Manchester United FC,0,0,2,0,15,2024
Matchday 2,2023-08-19,20:00,Manchester City FC,Newcastle United FC,1,0,1,0,16,2024
Matchday 2,2023-08-20,14:00,Aston Villa FC,Everton FC,2,0,4,0,17,2024
Matchday 2,2023-08-20,16:30,West Ham United FC,Chelsea FC,1,1,3,1,18,2024
Matchday 2,2023-08-21,20:00,Crystal Palace FC,Arsenal FC,0,0,0,1,19,2024
Matchday 3,2023-08-25,20:00,Chelsea FC,Luton Town FC,1,0,3,0,20,2024
Matchday 3,2023-08-26,12:30,AFC Bournemouth,Tottenham Hotspur FC,0,1,0,2,21,2024
Matchday 3,2023-08-26,15:00,Everton FC,Wolverhampton Wanderers FC,0,0,0,1,22,2024
Matchday 3,2023-08-26,15:00,Manchester United FC,Nottingham Forest FC,1,2,3,2,23,2024
Matchday 3,2023-08-26,15:00,Arsenal FC,Fulham FC,0,1,2,2,24,2024
Matchday 3,2023-08-26,15:00,Brentford FC,Crystal Palace FC,1,0,1,1,25,2024
Matchday 3,2023-08-26,17:30,Brighton & Hove Albion FC,West Ham United FC,0,1,1,3,26,2024
Matchday 3,2023-08-27,14:00,Sheffield United FC,Manchester City FC,0,0,1,2,27,2024
Matchday 3,2023-08-27,14:00,Burnley FC,Aston Villa FC,0,2,1,3,28,2024
Matchday 3,2023-08-27,16:30,Newcastle United FC,Liverpool FC,1,0,1,2,29,2024
Matchday 4,2023-09-01,20:00,Luton Town FC,West Ham United FC,0,1,1,2,30,2024
Matchday 4,2023-09-02,12:30,Sheffield United FC,Everton FC,2,1,2,2,31,2024
Matchday 4,2023-09-02,15:00,Brentford FC,AFC Bournemouth,1,1,2,2,32,2024
Matchday 4,2023-09-02,15:00,Burnley FC,Tottenham Hotspur FC,1,2,2,5,33,2024
Matchday 4,2023-09-02,15:00,Chelsea FC,Nottingham Forest FC,0,0,0,1,34,2024
Matchday 4,2023-09-02,15:00,Manchester City FC,Fulham FC,2,1,5,1,35,2024
Matchday 4,2023-09-02,17:30,Brighton & Hove Albion FC,Newcastle United FC,1,0,3,1,36,2024
Matchday 4,2023-09-03,14:00,Crystal Palace FC,Wolverhampton Wanderers FC,0,0,3,2,37,2024
Matchday 4,2023-09-03,14:00,Liverpool FC,Aston Villa FC,2,0,3,0,38,2024
Matchday 4,2023-09-03,16:30,Arsenal FC,Manchester United FC,1,1,3,1,39,2024
Matchday 5,2023-09-16,12:30,Wolverhampton Wanderers FC,Liverpool FC,1,0,1,3,40,2024
Matchday 5,2023-09-16,15:00,Aston Villa FC,Crystal Palace FC,0,0,3,1,41,2024
Matchday 5,2023-09-16,15:00,Fulham FC,Luton Town FC,0,0,1,0,42,2024
Matchday 5,2023-09-16,15:00,Manchester United FC,Brighton & Hove Albion FC,0,1,1,3,43,2024
Matchday 5,2023-09-16,15:00,Tottenham Hotspur FC,Sheffield United FC,0,0,2,1,44,2024
Matchday 5,2023-09-16,15:00,West Ham United FC,Manchester City FC,1,0,1,3,45,2024
Matchday 5,2023-09-16,17:30,Newcastle United FC,Brentford FC,0,0,1,0,46,2024
Matchday 5,2023-09-17,14:00,AFC Bournemouth,Chelsea FC,NA,NA,0,0,47,2024
Matchday 5,2023-09-17,16:30,Everton FC,Arsenal FC,0,0,0,1,48,2024
Matchday 5,2023-09-18,19:45,Nottingham Forest FC,Burnley FC,0,1,1,1,49,2024
Matchday 6,2023-09-23,15:00,Crystal Palace FC,Fulham FC,NA,NA,0,0,50,2024
Matchday 6,2023-09-23,15:00,Luton Town FC,Wolverhampton Wanderers FC,0,0,1,1,51,2024
Matchday 6,2023-09-23,15:00,Manchester City FC,Nottingham Forest FC,2,0,2,0,52,2024
Matchday 6,2023-09-23,17:30,Brentford FC,Everton FC,1,1,1,3,53,2024
Matchday 6,2023-09-23,20:00,Burnley FC,Manchester United FC,0,1,0,1,54,2024
Matchday 6,2023-09-24,14:00,Arsenal FC,Tottenham Hotspur FC,1,1,2,2,55,2024
Matchday 6,2023-09-24,14:00,Brighton & Hove Albion FC,AFC Bournemouth,1,1,3,1,56,2024
Matchday 6,2023-09-24,14:00,Chelsea FC,Aston Villa FC,0,0,0,1,57,2024
Matchday 6,2023-09-24,14:00,Liverpool FC,West Ham United FC,1,1,3,1,58,2024
Matchday 6,2023-09-24,16:30,Sheffield United FC,Newcastle United FC,0,3,0,8,59,2024
Matchday 7,2023-09-30,12:30,Aston Villa FC,Brighton & Hove Albion FC,3,0,6,1,60,2024
Matchday 7,2023-09-30,15:00,AFC Bournemouth,Arsenal FC,0,2,0,4,61,2024
Matchday 7,2023-09-30,15:00,Everton FC,Luton Town FC,1,2,1,2,62,2024
Matchday 7,2023-09-30,15:00,Manchester United FC,Crystal Palace FC,0,1,0,1,63,2024
Matchday 7,2023-09-30,15:00,Newcastle United FC,Burnley FC,1,0,2,0,64,2024
Matchday 7,2023-09-30,15:00,West Ham United FC,Sheffield United FC,2,0,2,0,65,2024
Matchday 7,2023-09-30,15:00,Wolverhampton Wanderers FC,Manchester City FC,1,0,2,1,66,2024
Matchday 7,2023-09-30,17:30,Tottenham Hotspur FC,Liverpool FC,1,1,2,1,67,2024
Matchday 7,2023-10-01,14:00,Nottingham Forest FC,Brentford FC,0,0,1,1,68,2024
Matchday 7,2023-10-02,20:00,Fulham FC,Chelsea FC,0,2,0,2,69,2024
Matchday 2,2023-10-03,19:30,Luton Town FC,Burnley FC,0,1,1,2,70,2024
Matchday 8,2023-10-07,12:30,Luton Town FC,Tottenham Hotspur FC,0,0,0,1,71,2024
Matchday 8,2023-10-07,15:00,Burnley FC,Chelsea FC,1,1,1,4,72,2024
Matchday 8,2023-10-07,15:00,Everton FC,AFC Bournemouth,2,0,3,0,73,2024
Matchday 8,2023-10-07,15:00,Fulham FC,Sheffield United FC,0,0,3,1,74,2024
Matchday 8,2023-10-07,15:00,Manchester United FC,Brentford FC,0,1,2,1,75,2024
Matchday 8,2023-10-07,17:30,Crystal Palace FC,Nottingham Forest FC,NA,NA,0,0,76,2024
Matchday 8,2023-10-08,14:00,Brighton & Hove Albion FC,Liverpool FC,1,2,2,2,77,2024
Matchday 8,2023-10-08,14:00,West Ham United FC,Newcastle United FC,1,0,2,2,78,2024
Matchday 8,2023-10-08,14:00,Wolverhampton Wanderers FC,Aston Villa FC,0,0,1,1,79,2024
Matchday 8,2023-10-08,16:30,Arsenal FC,Manchester City FC,0,0,1,0,80,2024
Matchday 9,2023-10-21,12:30,Liverpool FC,Everton FC,0,0,2,0,81,2024
Matchday 9,2023-10-21,15:00,AFC Bournemouth,Wolverhampton Wanderers FC,1,0,1,2,82,2024
Matchday 9,2023-10-21,15:00,Brentford FC,Burnley FC,1,0,3,0,83,2024
Matchday 9,2023-10-21,15:00,Manchester City FC,Brighton & Hove Albion FC,2,0,2,1,84,2024
Matchday 9,2023-10-21,15:00,Newcastle United FC,Crystal Palace FC,3,0,4,0,85,2024
Matchday 9,2023-10-21,15:00,Nottingham Forest FC,Luton Town FC,0,0,2,2,86,2024
Matchday 9,2023-10-21,17:30,Chelsea FC,Arsenal FC,1,0,2,2,87,2024
Matchday 9,2023-10-21,20:00,Sheffield United FC,Manchester United FC,1,1,1,2,88,2024
Matchday 9,2023-10-22,16:30,Aston Villa FC,West Ham United FC,1,0,4,1,89,2024
Matchday 9,2023-10-23,20:00,Tottenham Hotspur FC,Fulham FC,1,0,2,0,90,2024
Matchday 10,2023-10-27,20:00,Crystal Palace FC,Tottenham Hotspur FC,0,0,1,2,91,2024
Matchday 10,2023-10-28,12:30,Chelsea FC,Brentford FC,0,0,0,2,92,2024
Matchday 10,2023-10-28,15:00,AFC Bournemouth,Burnley FC,1,1,2,1,93,2024
Matchday 10,2023-10-28,15:00,Arsenal FC,Sheffield United FC,1,0,5,0,94,2024
Matchday 10,2023-10-28,17:30,Wolverhampton Wanderers FC,Newcastle United FC,1,2,2,2,95,2024
Matchday 10,2023-10-29,13:00,West Ham United FC,Everton FC,0,0,0,1,96,2024
Matchday 10,2023-10-29,14:00,Aston Villa FC,Luton Town FC,1,0,3,1,97,2024
Matchday 10,2023-10-29,14:00,Brighton & Hove Albion FC,Fulham FC,1,0,1,1,98,2024
Matchday 10,2023-10-29,14:00,Liverpool FC,Nottingham Forest FC,2,0,3,0,99,2024
Matchday 10,2023-10-29,15:30,Manchester United FC,Manchester City FC,0,1,0,3,100,2024
Matchday 11,2023-11-04,12:30,Fulham FC,Manchester United FC,0,0,0,1,101,2024
Matchday 11,2023-11-04,15:00,Brentford FC,West Ham United FC,1,2,3,2,102,2024
Matchday 11,2023-11-04,15:00,Burnley FC,Crystal Palace FC,0,1,0,2,103,2024
Matchday 11,2023-11-04,15:00,Everton FC,Brighton & Hove Albion FC,1,0,1,1,104,2024
Matchday 11,2023-11-04,15:00,Manchester City FC,AFC Bournemouth,3,0,6,1,105,2024
Matchday 11,2023-11-04,15:00,Sheffield United FC,Wolverhampton Wanderers FC,0,0,2,1,106,2024
Matchday 11,2023-11-04,17:30,Newcastle United FC,Arsenal FC,0,0,1,0,107,2024
Matchday 11,2023-11-05,14:00,Nottingham Forest FC,Aston Villa FC,1,0,2,0,108,2024
Matchday 11,2023-11-05,16:30,Luton Town FC,Liverpool FC,0,0,1,1,109,2024
Matchday 11,2023-11-06,20:00,Tottenham Hotspur FC,Chelsea FC,1,1,1,4,110,2024
Matchday 12,2023-11-11,12:30,Wolverhampton Wanderers FC,Tottenham Hotspur FC,0,1,2,1,111,2024
Matchday 12,2023-11-11,15:00,Arsenal FC,Burnley FC,1,0,3,1,112,2024
Matchday 12,2023-11-11,15:00,Crystal Palace FC,Everton FC,1,1,2,3,113,2024
Matchday 12,2023-11-11,15:00,Manchester United FC,Luton Town FC,0,0,1,0,114,2024
Matchday 12,2023-11-11,17:30,AFC Bournemouth,Newcastle United FC,0,0,2,0,115,2024
Matchday 12,2023-11-12,14:00,Aston Villa FC,Fulham FC,2,0,3,1,116,2024
Matchday 12,2023-11-12,14:00,Brighton & Hove Albion FC,Sheffield United FC,1,0,1,1,117,2024
Matchday 12,2023-11-12,14:00,Liverpool FC,Brentford FC,1,0,3,0,118,2024
Matchday 12,2023-11-12,14:00,West Ham United FC,Nottingham Forest FC,1,1,3,2,119,2024
Matchday 12,2023-11-12,16:30,Chelsea FC,Manchester City FC,2,2,4,4,120,2024
Matchday 13,2023-11-25,12:30,Manchester City FC,Liverpool FC,1,0,1,1,121,2024
Matchday 13,2023-11-25,15:00,Burnley FC,West Ham United FC,0,0,1,2,122,2024
Matchday 13,2023-11-25,15:00,Luton Town FC,Crystal Palace FC,0,0,2,1,123,2024
Matchday 13,2023-11-25,15:00,Newcastle United FC,Chelsea FC,1,1,4,1,124,2024
Matchday 13,2023-11-25,15:00,Nottingham Forest FC,Brighton & Hove Albion FC,1,2,2,3,125,2024
Matchday 13,2023-11-25,15:00,Sheffield United FC,AFC Bournemouth,0,2,1,3,126,2024
Matchday 13,2023-11-25,17:30,Brentford FC,Arsenal FC,0,0,0,1,127,2024
Matchday 13,2023-11-26,14:00,Tottenham Hotspur FC,Aston Villa FC,1,1,1,2,128,2024
Matchday 13,2023-11-26,16:30,Everton FC,Manchester United FC,0,1,0,3,129,2024
Matchday 13,2023-11-27,20:00,Fulham FC,Wolverhampton Wanderers FC,1,1,3,2,130,2024
Matchday 14,2023-12-02,15:00,Arsenal FC,Wolverhampton Wanderers FC,2,0,2,1,131,2024
Matchday 14,2023-12-02,15:00,Brentford FC,Luton Town FC,0,0,3,1,132,2024
Matchday 14,2023-12-02,15:00,Burnley FC,Sheffield United FC,2,0,5,0,133,2024
Matchday 14,2023-12-02,17:30,Nottingham Forest FC,Everton FC,0,0,0,1,134,2024
Matchday 14,2023-12-02,20:00,Newcastle United FC,Manchester United FC,0,0,1,0,135,2024
Matchday 14,2023-12-03,14:00,AFC Bournemouth,Aston Villa FC,1,1,2,2,136,2024
Matchday 14,2023-12-03,14:00,Chelsea FC,Brighton & Hove Albion FC,2,1,3,2,137,2024
Matchday 14,2023-12-03,14:00,Liverpool FC,Fulham FC,2,2,4,3,138,2024
Matchday 14,2023-12-03,14:00,West Ham United FC,Crystal Palace FC,1,0,1,1,139,2024
Matchday 14,2023-12-03,16:30,Manchester City FC,Tottenham Hotspur FC,2,1,3,3,140,2024
Matchday 15,2023-12-05,19:30,Wolverhampton Wanderers FC,Burnley FC,1,0,1,0,141,2024
Matchday 15,2023-12-05,20:15,Luton Town FC,Arsenal FC,1,2,3,4,142,2024
Matchday 15,2023-12-06,19:30,Brighton & Hove Albion FC,Brentford FC,1,1,2,1,143,2024
Matchday 15,2023-12-06,19:30,Fulham FC,Nottingham Forest FC,2,0,5,0,144,2024
Matchday 15,2023-12-06,19:30,Sheffield United FC,Liverpool FC,0,1,0,2,145,2024
Matchday 15,2023-12-06,19:30,Crystal Palace FC,AFC Bournemouth,0,1,0,2,146,2024
Matchday 15,2023-12-06,20:15,Aston Villa FC,Manchester City FC,0,0,1,0,147,2024
Matchday 15,2023-12-06,20:15,Manchester United FC,Chelsea FC,1,1,2,1,148,2024
Matchday 15,2023-12-07,19:30,Everton FC,Newcastle United FC,0,0,3,0,149,2024
Matchday 15,2023-12-07,20:15,Tottenham Hotspur FC,West Ham United FC,1,0,1,2,150,2024
Matchday 16,2023-12-09,12:30,Crystal Palace FC,Liverpool FC,0,0,1,2,151,2024
Matchday 16,2023-12-09,15:00,Brighton & Hove Albion FC,Burnley FC,0,1,1,1,152,2024
Matchday 16,2023-12-09,15:00,Manchester United FC,AFC Bournemouth,0,1,0,3,153,2024
Matchday 16,2023-12-09,15:00,Sheffield United FC,Brentford FC,1,0,1,0,154,2024
Matchday 16,2023-12-09,15:00,Wolverhampton Wanderers FC,Nottingham Forest FC,1,1,1,1,155,2024
Matchday 16,2023-12-09,17:30,Aston Villa FC,Arsenal FC,1,0,1,0,156,2024
Matchday 16,2023-12-10,14:00,Everton FC,Chelsea FC,0,0,2,0,157,2024
Matchday 16,2023-12-10,14:00,Fulham FC,West Ham United FC,3,0,5,0,158,2024
Matchday 16,2023-12-10,14:00,Luton Town FC,Manchester City FC,1,0,1,2,159,2024
Matchday 16,2023-12-10,16:30,Tottenham Hotspur FC,Newcastle United FC,2,0,4,1,160,2024
Matchday 17,2023-12-15,20:00,Nottingham Forest FC,Tottenham Hotspur FC,0,1,0,2,161,2024
Matchday 17,2023-12-16,15:00,Chelsea FC,Sheffield United FC,0,0,2,0,162,2024
Matchday 17,2023-12-16,15:00,Manchester City FC,Crystal Palace FC,1,0,2,2,163,2024
Matchday 17,2023-12-16,15:00,Newcastle United FC,Fulham FC,0,0,3,0,164,2024
Matchday 17,2023-12-16,17:30,Burnley FC,Everton FC,0,2,0,2,165,2024
Matchday 17,2023-12-17,14:00,Arsenal FC,Brighton & Hove Albion FC,0,0,2,0,166,2024
Matchday 17,2023-12-17,14:00,Brentford FC,Aston Villa FC,1,0,1,2,167,2024
Matchday 17,2023-12-17,14:00,West Ham United FC,Wolverhampton Wanderers FC,2,0,3,0,168,2024
Matchday 17,2023-12-17,16:30,Liverpool FC,Manchester United FC,NA,NA,0,0,169,2024
Matchday 18,2023-12-21,20:00,Crystal Palace FC,Brighton & Hove Albion FC,1,0,1,1,170,2024
Matchday 18,2023-12-22,20:00,Aston Villa FC,Sheffield United FC,0,0,1,1,171,2024
Matchday 18,2023-12-23,12:30,West Ham United FC,Manchester United FC,0,0,2,0,172,2024
Matchday 18,2023-12-23,15:00,Fulham FC,Burnley FC,0,0,0,2,173,2024
Matchday 18,2023-12-23,15:00,Luton Town FC,Newcastle United FC,1,0,1,0,174,2024
Matchday 18,2023-12-23,15:00,Nottingham Forest FC,AFC Bournemouth,0,0,2,3,175,2024
Matchday 18,2023-12-23,15:00,Tottenham Hotspur FC,Everton FC,2,0,2,1,176,2024
Matchday 18,2023-12-23,17:30,Liverpool FC,Arsenal FC,1,1,1,1,177,2024
Matchday 18,2023-12-24,13:00,Wolverhampton Wanderers FC,Chelsea FC,0,0,2,1,178,2024
Matchday 19,2023-12-26,12:30,Newcastle United FC,Nottingham Forest FC,1,1,1,3,179,2024
Matchday 19,2023-12-26,15:00,AFC Bournemouth,Fulham FC,1,0,3,0,180,2024
Matchday 19,2023-12-26,15:00,Sheffield United FC,Luton Town FC,0,1,2,3,181,2024
Matchday 19,2023-12-26,17:30,Burnley FC,Liverpool FC,0,1,0,2,182,2024
Matchday 19,2023-12-26,20:00,Manchester United FC,Aston Villa FC,0,2,3,2,183,2024
Matchday 19,2023-12-27,19:30,Brentford FC,Wolverhampton Wanderers FC,1,3,1,4,184,2024
Matchday 19,2023-12-27,19:30,Chelsea FC,Crystal Palace FC,1,1,2,1,185,2024
Matchday 19,2023-12-27,20:15,Everton FC,Manchester City FC,1,0,1,3,186,2024
Matchday 19,2023-12-28,19:30,Brighton & Hove Albion FC,Tottenham Hotspur FC,2,0,4,2,187,2024
Matchday 19,2023-12-28,20:15,Arsenal FC,West Ham United FC,0,1,0,2,188,2024
Matchday 20,2023-12-30,12:30,Luton Town FC,Chelsea FC,0,2,2,3,189,2024
Matchday 20,2023-12-30,15:00,Aston Villa FC,Burnley FC,2,1,3,2,190,2024
Matchday 20,2023-12-30,15:00,Crystal Palace FC,Brentford FC,2,1,3,1,191,2024
Matchday 20,2023-12-30,15:00,Manchester City FC,Sheffield United FC,1,0,2,0,192,2024
Matchday 20,2023-12-30,15:00,Wolverhampton Wanderers FC,Everton FC,1,0,3,0,193,2024
Matchday 20,2023-12-30,17:30,Nottingham Forest FC,Manchester United FC,0,0,2,1,194,2024
Matchday 20,2023-12-31,14:00,Fulham FC,Arsenal FC,1,1,2,1,195,2024
Matchday 20,2023-12-31,14:00,Tottenham Hotspur FC,AFC Bournemouth,1,0,3,1,196,2024
Matchday 20,2024-01-01,20:00,Liverpool FC,Newcastle United FC,0,0,4,2,197,2024
Matchday 20,2024-01-02,19:30,West Ham United FC,Brighton & Hove Albion FC,NA,NA,0,0,198,2024
Matchday 21,2024-01-12,19:45,Burnley FC,Luton Town FC,1,0,1,1,199,2024
Matchday 21,2024-01-13,12:30,Chelsea FC,Fulham FC,1,0,1,0,200,2024
Matchday 21,2024-01-13,17:30,Newcastle United FC,Manchester City FC,2,1,2,3,201,2024
Matchday 21,2024-01-14,14:00,Everton FC,Aston Villa FC,NA,NA,0,0,202,2024
Matchday 21,2024-01-14,16:30,Manchester United FC,Tottenham Hotspur FC,2,1,2,2,203,2024
Matchday 21,2024-01-20,12:30,Arsenal FC,Crystal Palace FC,2,0,5,0,204,2024
Matchday 21,2024-01-20,17:30,Brentford FC,Nottingham Forest FC,1,1,3,2,205,2024
Matchday 21,2024-01-21,14:00,Sheffield United FC,West Ham United FC,1,1,2,2,206,2024
Matchday 21,2024-01-21,16:30,AFC Bournemouth,Liverpool FC,0,0,0,4,207,2024
Matchday 21,2024-01-22,19:45,Brighton & Hove Albion FC,Wolverhampton Wanderers FC,NA,NA,0,0,208,2024
Matchday 22,2024-01-30,19:30,Nottingham Forest FC,Arsenal FC,0,0,1,2,209,2024
Matchday 22,2024-01-30,19:45,Luton Town FC,Brighton & Hove Albion FC,3,0,4,0,210,2024
Matchday 22,2024-01-30,19:45,Fulham FC,Everton FC,NA,NA,0,0,211,2024
Matchday 22,2024-01-30,20:00,Crystal Palace FC,Sheffield United FC,2,2,3,2,212,2024
Matchday 22,2024-01-30,20:15,Aston Villa FC,Newcastle United FC,0,2,1,3,213,2024
Matchday 22,2024-01-31,19:30,Tottenham Hotspur FC,Brentford FC,0,1,3,2,214,2024
Matchday 22,2024-01-31,19:30,Manchester City FC,Burnley FC,2,0,3,1,215,2024
Matchday 22,2024-01-31,20:15,Liverpool FC,Chelsea FC,2,0,4,1,216,2024
Matchday 22,2024-02-01,19:30,West Ham United FC,AFC Bournemouth,0,1,1,1,217,2024
Matchday 22,2024-02-01,20:15,Wolverhampton Wanderers FC,Manchester United FC,0,2,3,4,218,2024
Matchday 23,2024-02-03,12:30,Everton FC,Tottenham Hotspur FC,1,2,2,2,219,2024
Matchday 23,2024-02-03,15:00,Brighton & Hove Albion FC,Crystal Palace FC,3,0,4,1,220,2024
Matchday 23,2024-02-03,15:00,Burnley FC,Fulham FC,0,2,2,2,221,2024
Matchday 23,2024-02-03,15:00,Newcastle United FC,Luton Town FC,2,2,4,4,222,2024
Matchday 23,2024-02-03,17:30,Sheffield United FC,Aston Villa FC,0,4,0,5,223,2024
Matchday 23,2024-02-04,14:00,AFC Bournemouth,Nottingham Forest FC,1,1,1,1,224,2024
Matchday 23,2024-02-04,14:00,Chelsea FC,Wolverhampton Wanderers FC,1,2,2,4,225,2024
Matchday 23,2024-02-04,14:00,Manchester United FC,West Ham United FC,1,0,3,0,226,2024
Matchday 23,2024-02-04,16:30,Arsenal FC,Liverpool FC,1,1,3,1,227,2024
Matchday 23,2024-02-05,20:00,Brentford FC,Manchester City FC,1,1,1,3,228,2024
Matchday 24,2024-02-10,12:30,Manchester City FC,Everton FC,0,0,2,0,229,2024
Matchday 24,2024-02-10,15:00,Fulham FC,AFC Bournemouth,2,0,3,1,230,2024
Matchday 24,2024-02-10,15:00,Liverpool FC,Burnley FC,1,1,3,1,231,2024
Matchday 24,2024-02-10,15:00,Luton Town FC,Sheffield United FC,0,2,1,3,232,2024
Matchday 24,2024-02-10,15:00,Tottenham Hotspur FC,Brighton & Hove Albion FC,0,1,2,1,233,2024
Matchday 24,2024-02-10,15:00,Wolverhampton Wanderers FC,Brentford FC,0,1,0,2,234,2024
Matchday 24,2024-02-10,17:30,Nottingham Forest FC,Newcastle United FC,2,2,2,3,235,2024
Matchday 24,2024-02-11,14:00,West Ham United FC,Arsenal FC,0,4,0,6,236,2024
Matchday 24,2024-02-11,16:30,Aston Villa FC,Manchester United FC,0,1,1,2,237,2024
Matchday 24,2024-02-12,20:00,Crystal Palace FC,Chelsea FC,1,0,1,3,238,2024
Matchday 25,2024-02-17,12:30,Brentford FC,Liverpool FC,0,1,1,4,239,2024
Matchday 25,2024-02-17,15:00,Burnley FC,Arsenal FC,0,2,0,5,240,2024
Matchday 25,2024-02-17,15:00,Fulham FC,Aston Villa FC,0,1,1,2,241,2024
Matchday 25,2024-02-17,15:00,Newcastle United FC,AFC Bournemouth,0,0,2,2,242,2024
Matchday 25,2024-02-17,15:00,Nottingham Forest FC,West Ham United FC,1,0,2,0,243,2024
Matchday 25,2024-02-17,15:00,Tottenham Hotspur FC,Wolverhampton Wanderers FC,0,1,1,2,244,2024
Matchday 25,2024-02-17,17:30,Manchester City FC,Chelsea FC,0,1,1,1,245,2024
Matchday 25,2024-02-18,14:00,Sheffield United FC,Brighton & Hove Albion FC,0,2,0,5,246,2024
Matchday 25,2024-02-18,16:30,Luton Town FC,Manchester United FC,1,2,1,2,247,2024
Matchday 25,2024-02-19,20:00,Everton FC,Crystal Palace FC,0,0,1,1,248,2024
Matchday 18,2024-02-20,19:30,Manchester City FC,Brentford FC,0,0,1,0,249,2024
Matchday 26,2024-02-21,19:30,Liverpool FC,Luton Town FC,0,1,4,1,250,2024
Matchday 26,2024-02-24,15:00,Aston Villa FC,Nottingham Forest FC,3,1,4,2,251,2024
Matchday 26,2024-02-24,15:00,Brighton & Hove Albion FC,Everton FC,0,0,1,1,252,2024
Matchday 26,2024-02-24,15:00,Crystal Palace FC,Burnley FC,0,0,3,0,253,2024
Matchday 26,2024-02-24,15:00,Manchester United FC,Fulham FC,0,0,1,2,254,2024
Matchday 26,2024-02-24,17:30,AFC Bournemouth,Manchester City FC,0,1,0,1,255,2024
Matchday 26,2024-02-24,20:00,Arsenal FC,Newcastle United FC,2,0,4,1,256,2024
Matchday 26,2024-02-25,13:30,Wolverhampton Wanderers FC,Sheffield United FC,1,0,1,0,257,2024
Matchday 26,2024-02-26,20:00,West Ham United FC,Brentford FC,2,1,4,2,258,2024
Matchday 27,2024-03-02,15:00,Brentford FC,Chelsea FC,0,1,2,2,259,2024
Matchday 27,2024-03-02,15:00,Everton FC,West Ham United FC,0,0,1,3,260,2024
Matchday 27,2024-03-02,15:00,Fulham FC,Brighton & Hove Albion FC,2,0,3,0,261,2024
Matchday 27,2024-03-02,15:00,Newcastle United FC,Wolverhampton Wanderers FC,2,0,3,0,262,2024
Matchday 27,2024-03-02,15:00,Nottingham Forest FC,Liverpool FC,0,0,0,1,263,2024
Matchday 27,2024-03-02,15:00,Tottenham Hotspur FC,Crystal Palace FC,0,0,3,1,264,2024
Matchday 27,2024-03-02,17:30,Luton Town FC,Aston Villa FC,0,2,2,3,265,2024
Matchday 27,2024-03-03,13:00,Burnley FC,AFC Bournemouth,0,1,0,2,266,2024
Matchday 27,2024-03-03,15:30,Manchester City FC,Manchester United FC,0,1,3,1,267,2024
Matchday 27,2024-03-04,20:00,Sheffield United FC,Arsenal FC,0,5,0,6,268,2024
Matchday 28,2024-03-09,12:30,Manchester United FC,Everton FC,2,0,2,0,269,2024
Matchday 28,2024-03-09,15:00,AFC Bournemouth,Sheffield United FC,0,1,2,2,270,2024
Matchday 28,2024-03-09,15:00,Crystal Palace FC,Luton Town FC,1,0,1,1,271,2024
Matchday 28,2024-03-09,15:00,Wolverhampton Wanderers FC,Fulham FC,0,0,2,1,272,2024
Matchday 28,2024-03-09,17:30,Arsenal FC,Brentford FC,1,1,2,1,273,2024
Matchday 28,2024-03-10,13:00,Aston Villa FC,Tottenham Hotspur FC,0,0,0,4,274,2024
Matchday 28,2024-03-10,14:00,Brighton & Hove Albion FC,Nottingham Forest FC,1,0,1,0,275,2024
Matchday 28,2024-03-10,14:00,West Ham United FC,Burnley FC,0,2,2,2,276,2024
Matchday 28,2024-03-10,15:45,Liverpool FC,Manchester City FC,0,1,1,1,277,2024
Matchday 28,2024-03-11,20:00,Chelsea FC,Newcastle United FC,1,1,3,2,278,2024
Matchday 17,2024-03-13,19:30,AFC Bournemouth,Luton Town FC,0,3,4,3,279,2024
Matchday 29,2024-03-16,15:00,Burnley FC,Brentford FC,1,0,2,1,280,2024
Matchday 29,2024-03-16,15:00,Luton Town FC,Nottingham Forest FC,0,1,1,1,281,2024
Matchday 29,2024-03-16,17:30,Fulham FC,Tottenham Hotspur FC,1,0,3,0,282,2024
Matchday 29,2024-03-17,14:00,West Ham United FC,Aston Villa FC,1,0,1,1,283,2024
Matchday 30,2024-03-30,12:30,Newcastle United FC,West Ham United FC,1,2,4,3,284,2024
Matchday 30,2024-03-30,15:00,AFC Bournemouth,Everton FC,0,0,2,1,285,2024
Matchday 30,2024-03-30,15:00,Chelsea FC,Burnley FC,1,0,2,2,286,2024
Matchday 30,2024-03-30,15:00,Nottingham Forest FC,Crystal Palace FC,0,1,1,1,287,2024
Matchday 30,2024-03-30,15:00,Sheffield United FC,Fulham FC,0,0,3,3,288,2024
Matchday 30,2024-03-30,15:00,Tottenham Hotspur FC,Luton Town FC,0,1,2,1,289,2024
Matchday 30,2024-03-30,17:30,Aston Villa FC,Wolverhampton Wanderers FC,1,0,2,0,290,2024
Matchday 30,2024-03-30,20:00,Brentford FC,Manchester United FC,0,0,1,1,291,2024
Matchday 30,2024-03-31,14:00,Liverpool FC,Brighton & Hove Albion FC,1,1,2,1,292,2024
Matchday 30,2024-03-31,16:30,Manchester City FC,Arsenal FC,NA,NA,0,0,293,2024
Matchday 31,2024-04-02,19:30,Nottingham Forest FC,Fulham FC,3,0,3,1,294,2024
Matchday 31,2024-04-02,19:30,Newcastle United FC,Everton FC,1,0,1,1,295,2024
Matchday 31,2024-04-02,19:45,AFC Bournemouth,Crystal Palace FC,0,0,1,0,296,2024
Matchday 31,2024-04-02,19:45,Burnley FC,Wolverhampton Wanderers FC,1,1,1,1,297,2024
Matchday 31,2024-04-02,20:15,West Ham United FC,Tottenham Hotspur FC,1,1,1,1,298,2024
Matchday 31,2024-04-03,19:30,Arsenal FC,Luton Town FC,2,0,2,0,299,2024
Matchday 31,2024-04-03,19:30,Brentford FC,Brighton & Hove Albion FC,NA,NA,0,0,300,2024
Matchday 31,2024-04-03,20:15,Manchester City FC,Aston Villa FC,2,1,4,1,301,2024
Matchday 31,2024-04-04,19:30,Liverpool FC,Sheffield United FC,1,0,3,1,302,2024
Matchday 31,2024-04-04,20:15,Chelsea FC,Manchester United FC,2,2,4,3,303,2024
Matchday 32,2024-04-06,12:30,Crystal Palace FC,Manchester City FC,1,1,2,4,304,2024
Matchday 32,2024-04-06,15:00,Aston Villa FC,Brentford FC,1,0,3,3,305,2024
Matchday 32,2024-04-06,15:00,Everton FC,Burnley FC,1,0,1,0,306,2024
Matchday 32,2024-04-06,15:00,Fulham FC,Newcastle United FC,0,0,0,1,307,2024
Matchday 32,2024-04-06,15:00,Luton Town FC,AFC Bournemouth,0,0,2,1,308,2024
Matchday 32,2024-04-06,15:00,Wolverhampton Wanderers FC,West Ham United FC,1,0,1,2,309,2024
Matchday 32,2024-04-06,17:30,Brighton & Hove Albion FC,Arsenal FC,0,1,0,3,310,2024
Matchday 32,2024-04-07,15:30,Manchester United FC,Liverpool FC,0,1,2,2,311,2024
Matchday 32,2024-04-07,17:30,Sheffield United FC,Chelsea FC,1,1,2,2,312,2024
Matchday 32,2024-04-07,18:00,Tottenham Hotspur FC,Nottingham Forest FC,1,1,3,1,313,2024
Matchday 33,2024-04-13,12:30,Newcastle United FC,Tottenham Hotspur FC,2,0,4,0,314,2024
Matchday 33,2024-04-13,15:00,Brentford FC,Sheffield United FC,0,0,2,0,315,2024
Matchday 33,2024-04-13,15:00,Burnley FC,Brighton & Hove Albion FC,0,0,1,1,316,2024
Matchday 33,2024-04-13,15:00,Manchester City FC,Luton Town FC,1,0,5,1,317,2024
Matchday 33,2024-04-13,15:00,Nottingham Forest FC,Wolverhampton Wanderers FC,1,1,2,2,318,2024
Matchday 33,2024-04-13,17:30,AFC Bournemouth,Manchester United FC,2,1,2,2,319,2024
Matchday 33,2024-04-14,14:00,Liverpool FC,Crystal Palace FC,0,1,0,1,320,2024
Matchday 33,2024-04-14,14:00,West Ham United FC,Fulham FC,0,1,0,2,321,2024
Matchday 33,2024-04-14,16:30,Arsenal FC,Aston Villa FC,0,0,0,2,322,2024
Matchday 33,2024-04-15,20:00,Chelsea FC,Everton FC,4,0,6,0,323,2024
Matchday 34,2024-04-20,15:00,Luton Town FC,Brentford FC,0,2,1,5,324,2024
Matchday 34,2024-04-20,15:00,Sheffield United FC,Burnley FC,0,2,1,4,325,2024
Matchday 34,2024-04-20,19:30,Wolverhampton Wanderers FC,Arsenal FC,0,1,0,2,326,2024
Matchday 34,2024-04-21,13:30,Everton FC,Nottingham Forest FC,1,0,2,0,327,2024
Matchday 34,2024-04-21,15:00,Aston Villa FC,AFC Bournemouth,1,1,3,1,328,2024
Matchday 34,2024-04-21,15:00,Crystal Palace FC,West Ham United FC,4,1,5,2,329,2024
Matchday 34,2024-04-21,16:30,Fulham FC,Liverpool FC,1,1,1,3,330,2024
Matchday 29,2024-04-23,20:00,Arsenal FC,Chelsea FC,1,0,5,0,331,2024
Matchday 29,2024-04-24,19:45,Wolverhampton Wanderers FC,AFC Bournemouth,0,1,0,1,332,2024
Matchday 29,2024-04-24,20:00,Crystal Palace FC,Newcastle United FC,0,0,2,0,333,2024
Matchday 29,2024-04-24,20:00,Everton FC,Liverpool FC,1,0,2,0,334,2024
Matchday 29,2024-04-24,20:00,Manchester United FC,Sheffield United FC,1,1,4,2,335,2024
Matchday 29,2024-04-25,20:00,Brighton & Hove Albion FC,Manchester City FC,0,3,0,4,336,2024
Matchday 35,2024-04-27,12:30,West Ham United FC,Liverpool FC,1,0,2,2,337,2024
Matchday 35,2024-04-27,15:00,Fulham FC,Crystal Palace FC,0,0,1,1,338,2024
Matchday 35,2024-04-27,15:00,Manchester United FC,Burnley FC,0,0,1,1,339,2024
Matchday 35,2024-04-27,15:00,Newcastle United FC,Sheffield United FC,1,1,5,1,340,2024
Matchday 35,2024-04-27,15:00,Wolverhampton Wanderers FC,Luton Town FC,1,0,2,1,341,2024
Matchday 35,2024-04-27,17:30,Everton FC,Brentford FC,0,0,1,0,342,2024
Matchday 35,2024-04-27,20:00,Aston Villa FC,Chelsea FC,2,0,2,2,343,2024
Matchday 35,2024-04-28,14:00,AFC Bournemouth,Brighton & Hove Albion FC,1,0,3,0,344,2024
Matchday 35,2024-04-28,14:00,Tottenham Hotspur FC,Arsenal FC,0,3,2,3,345,2024
Matchday 35,2024-04-28,16:30,Nottingham Forest FC,Manchester City FC,0,1,0,2,346,2024
Matchday 26,2024-05-02,19:30,Chelsea FC,Tottenham Hotspur FC,1,0,2,0,347,2024
Matchday 36,2024-05-03,20:00,Luton Town FC,Everton FC,1,1,1,1,348,2024
Matchday 36,2024-05-04,12:30,Arsenal FC,AFC Bournemouth,1,0,3,0,349,2024
Matchday 36,2024-05-04,15:00,Brentford FC,Fulham FC,NA,NA,0,0,350,2024
Matchday 36,2024-05-04,15:00,Burnley FC,Newcastle United FC,0,3,1,4,351,2024
Matchday 36,2024-05-04,15:00,Sheffield United FC,Nottingham Forest FC,1,1,1,3,352,2024
Matchday 36,2024-05-04,17:30,Manchester City FC,Wolverhampton Wanderers FC,3,0,5,1,353,2024
Matchday 36,2024-05-05,14:00,Brighton & Hove Albion FC,Aston Villa FC,0,0,1,0,354,2024
Matchday 36,2024-05-05,14:00,Chelsea FC,West Ham United FC,3,0,5,0,355,2024
Matchday 36,2024-05-05,16:30,Liverpool FC,Tottenham Hotspur FC,2,0,4,2,356,2024
Matchday 36,2024-05-06,20:00,Crystal Palace FC,Manchester United FC,2,0,4,0,357,2024
Matchday 37,2024-05-11,12:30,Fulham FC,Manchester City FC,0,1,0,4,358,2024
Matchday 37,2024-05-11,15:00,AFC Bournemouth,Brentford FC,0,0,1,2,359,2024
Matchday 37,2024-05-11,15:00,Everton FC,Sheffield United FC,1,0,1,0,360,2024
Matchday 37,2024-05-11,15:00,Newcastle United FC,Brighton & Hove Albion FC,1,1,1,1,361,2024
Matchday 37,2024-05-11,15:00,Tottenham Hotspur FC,Burnley FC,1,1,2,1,362,2024
Matchday 37,2024-05-11,15:00,West Ham United FC,Luton Town FC,0,1,3,1,363,2024
Matchday 37,2024-05-11,15:00,Wolverhampton Wanderers FC,Crystal Palace FC,0,2,1,3,364,2024
Matchday 37,2024-05-11,17:30,Nottingham Forest FC,Chelsea FC,1,1,2,3,365,2024
Matchday 37,2024-05-12,16:30,Manchester United FC,Arsenal FC,0,1,0,1,366,2024
Matchday 37,2024-05-13,20:00,Aston Villa FC,Liverpool FC,1,2,3,3,367,2024
Matchday 34,2024-05-14,20:00,Tottenham Hotspur FC,Manchester City FC,0,0,0,2,368,2024
Matchday 34,2024-05-15,19:45,Brighton & Hove Albion FC,Chelsea FC,0,1,1,2,369,2024
Matchday 34,2024-05-15,20:00,Manchester United FC,Newcastle United FC,1,0,3,2,370,2024
Matchday 38,2024-05-19,16:00,Arsenal FC,Everton FC,1,1,2,1,371,2024
Matchday 38,2024-05-19,16:00,Brentford FC,Newcastle United FC,0,3,2,4,372,2024
Matchday 38,2024-05-19,16:00,Brighton & Hove Albion FC,Manchester United FC,0,0,0,2,373,2024
Matchday 38,2024-05-19,16:00,Burnley FC,Nottingham Forest FC,0,2,1,2,374,2024
Matchday 38,2024-05-19,16:00,Chelsea FC,AFC Bournemouth,1,0,2,1,375,2024
Matchday 38,2024-05-19,16:00,Crystal Palace FC,Aston Villa FC,2,0,5,0,376,2024
Matchday 38,2024-05-19,16:00,Liverpool FC,Wolverhampton Wanderers FC,2,0,2,0,377,2024
Matchday 38,2024-05-19,16:00,Luton Town FC,Fulham FC,1,2,2,4,378,2024
Matchday 38,2024-05-19,16:00,Manchester City FC,West Ham United FC,2,1,3,1,379,2024
Matchday 38,2024-05-19,16:00,Sheffield United FC,Tottenham Hotspur FC,0,1,0,3,380,2024
